"[?]*stfriesland, Hannover"
"* Ostfriesland [?], Hannover [?]"
"Aachen, Rheinprovinz"
"Aarau, Aargau, Switzerland"
"Aarau, Switzerland"
"Aarburg, Aargau, Switzerland"
"Aargau (canton), Switzerland"
"Aargau (canton), Switzerland [?]"
"Aargau, Switzerland"
"Abahofen [?], Pfalz, Bayern"
"Abbenfeld [?], Hessen-Nassau"
"Abenau [?], Lippe"
"Achelriede, Hannover"
"Achelriede, Osnabrück, Hannover"
"Achen, Germany"
"Achenheim [?], Pfalz, Bayern"
"Achensheim, Pfalz, Bayern"
"Acht [?], Hannover"
"Adelebsen, Hannover"
"Adelshausen, Hessen-Nassau"
"Adenrothen [?], Hannover"
"Adlum, Hannover"
"Adorf, Waldeck"
"Affinghausen, Hannover"
"Agilla, Ostpreußen"
"Ahlden Aller, Hannover"
"Ahldorf, Württemberg"
"Ahlen, Hannover"
"Ahlerstedt, Hannover"
"Ahlfeld [?], Hessen [?]"
"Ahlshausen-Sievershausen [?], Braunschweig"
"Ahrensfelde, Berlin, Brandenburg"
"Ahrensfelde, Brandenburg"
"Aichstetten, Württemberg"
"Aidlingen, Böblingen, Württemberg"
"Aimoz [?], Graubünden, Switzerland"
"Albena [?], Lippe"
"Albertihsen [?], Herford, Westfalen [?]"
"Albertshausen, Waldeck"
"Albisheim, Bayern"
"Albrechts, Suhl, Sachsen (province)"
"Albungen, Hessen-Nassau"
"Allenberg, Pfalz, Bayern"
"Allendorf [?], Hessen"
"Allendorf, Giessen, Hessen"
"Allendorf, Hessen"
"Alperstedt, Sachsen-Weimar-Eisenach [?]"
"Alphinsbach, Oberndorf, Württemberg"
"Alphisbach [?], Württemberg"
"Alpirsbach, Württemberg"
"Alsenz, Pfalz, Bayern"
"Alsfeld Hessen [?], Hessen"
"Alsfeld Hessen, Hessen"
"Alsfeld, Hessen"
"Alsfeld, Hessen [?]"
"Alsheim, Mainz, Bayern"
"Alsop [?], Zweibrücken, Bayern"
"Alswede, Preußen"
"Alswilen [?], Preußen"
"Alt Wallmoden, Hannover"
AltBayern
"Altdorf, Pfalz, Bayern"
"Altdorf, Württemberg"
"Alte Hausstelle, Preußen"
"Alte Schmiede [?], Westfalen"
"Altena [?], Detmold, Lippe"
"Altena [?], Hannover"
"Altena, Preußen"
"Altenau [?], Magdeburg, Sachsen (province)"
"Altenau [?], Offenburg, Baden"
"Altenbach, Baden"
"Altenbach, Heidelberg, Baden"
"Altenbamberg, Bayern"
"Altenbeuern [?], Bayern"
"Altenbruch, Hannover"
"Altenburg [?], Darmstadt, Hessen"
"Altenburg [?], Hessen"
"Altenburg, Sachsen (province)"
"Altenburg, Sachsen-Altenburg"
"Altendorf [?], Gießen, Darmstadt, Hessen"
"Altendorf, Westfalen"
"Altenfingen [?], Aarau, Switzerland"
"Altenhain, Germany"
"Altenhain, Hessen"
"Altenhaßlau, Gelnhausen, Hessen-Nassau"
"Altenhaßlau, Hessen-Nassau"
"Altenheim, Baden"
"Altenheim, Offenburg, Baden"
"Altenkirchen, Coblenz, Rheinprovinz"
"Altenlotheim, Hessen-Nassau"
"Altenrode [?], Hannover"
"Altenspark [?], Oberndorf, Württemberg"
"Altenstadt, Darmstadt, Hessen"
"Alterberg [?], Bern, Switzerland"
"Altheim, Darmstadt, Hessen"
"Altheim, Neufier [?], Posen [?]"
"Altingen, Ludwigsburg, Württemberg"
"Altmark (region), Brandenburg"
"Altmark, WestPreußen"
"Altstadt, Bayern"
"Altstadt, Germany"
"Altstadt, Heilbronn, Württemberg"
"Altwarmort [?], Hannover [?]"
"Altwillsen [?], Hessen-Nassau"
"Alverdissen, Lippe"
"Am Hoben, Bielefeld [?], Westfalen [?]"
"Ambringten [?], Westfalen"
"Amelinghausen, Hannover"
"Amstighausen [?], Hannover"
"Amthausberg, Westfalen [?]"
"Amtsfeld [?], Hessen [?]"
"Angersheim, Braunschweig"
"Ankum, Hannover"
Anna Maria Rapp
"Annweiler, Pfalz, Bayern"
"Ansberg, Württemberg"
"Anweiler, Pfalz, Bayern"
"Apach [?], Baden"
"Apfelstetten, Württemberg"
"Appenfeld [?], Homberg [?]"
"Appenhofen, Landau, Pfalz, Bayern"
"Arendorf, Hannover"
"Argau (canton), Switzerland"
"Argenschwang, Kreuznach, Rheinprovinz"
"Armsfeld, Waldeck"
"Arnsberg, Preußen"
"Arnsfeld, Sachsen (kingdom) [?]"
"Arrenkamp, Westfalen"
"Aschen, Hannover"
"Aschendorf, Hannover"
"Asel, Hannover"
"Astenbeck [?], Hannover"
"Astfeld, Braunschweig"
"Aubingen [?], Hohenzollern, Habingen [?], Rheinprovinz"
"Auch [?], Waiblingen, Württemberg"
"Audorf, Preußen"
"Auen (county) [?], Oldenburg"
"Augsberg, Bayern"
"Augsburg, Germany"
"Augsburg/Augsberg [?], Germany"
"Aurich, Hannover"
"Aurich, Ostfriesland, Hannover"
"Auringen, Wiesbaden, Hessen-Nassau"
Austria
"B [?], Hessen"
b. Schlesien
b. Thüringen
"Babenhausen, Westfalen"
"Bächingen, Bayern"
"Bächingen, Landau, Bayern"
"Bächingen, Pfalz, Bayern"
"Bad Nauheim, Hessen-Nassau"
"Badbergen, Hannover"
"Badbergen, Osnabrück [?], Hannover"
"Baddeckenstedt, Hannover"
Baden (grand duchy)
"Badhaus, Halle, Preußen"
"Badisch* [?], Germany"
Badischen [?]
"Baggerade [?], Hessen-Nassau [?]"
"Bahl [?], Germany [?]"
"Bahren [?], Bern, Switzerland"
"Baiersbronn, Freudenstadt, Württemberg"
"Baiersdorf, Nürnberg, Bayern"
"Baimhofen, Bayern"
"Balde, Westfalen"
"Bammersdorf, Bayern"
"Bansow, Mecklenburg-Schwerin"
"Bär, Württemberg"
"Barchfeld, Hessen-Nassau [?]"
"Bären [?], Luzern, Switzerland"
"Barleben, Sachsen (province)"
"Barlissen/Harz, Hannover"
"Barnhausen, Westfalen"
"Bärwalde, Germany"
"Basdorf, Hessen-Nassau"
"Basel, Switzerland"
"Bassdorf [?], Viel, Darmstadt, Hessen"
"Batensen, Hannover"
"Baterwalden [?], Switzerland"
"Batharothen [?], Hessen-Nassau"
"Battenbrock [?], Hannover"
"Bauersfelden [?], Bayern"
"Bauhenvern [?], Hessen-Nassau"
"Baumbach, Rotenburg, Hessen-Nassau"
"Baumburg, Bayern"
"Baurschepper [?], Hannover"
Bayern
Bayern.
"Bayreuth, Bayern"
"Bechingen [?], Pfalz, Bayern"
"Bechingen, [?], Württemberg"
"Beckertroth [?], Bayern"
"Behsen, Westfalen"
"Beibatz, Hessen-Nassau"
"Beiershausen [?], Hessen-Nassau"
"Beindersheim, Pfalz, Bayern"
"Beinum [?], Hannover"
"Beiseförth, Hessen-Nassau"
"Beit [?], Arnsberg, Westfalen"
"Belle, Lippe"
"Bellheim, Bayern"
"Bellheim, Pfalz, Bayern"
"Bellstein [?], Hessen"
"Belm, Hannover"
"Belm, Osnabrück, Hannover"
"Bendingbostel [?], Hannover"
"Benefeld, Hannover"
"Bengen [?], Preußen"
"Benken, Basel-Landschaft, Switzerland"
"Benkenberg [?], Hessen"
"Benneckenstein, Sachsen (province) [?]"
"Bensheim, Darmstadt, Hessen"
"Bensheim, Hessen"
"Bentheim, Hannover"
"Benzau [?], Darmstadt, Hessen"
"Benzen, Germany"
"Benzheim [?], Pfalz, Bayern"
"Benzin, Mecklenburg-Schwerin"
"Berga, Weimar, Sachsen-Weimar-Eisenach"
"Bergen, Rügen, Pommern"
"Bergfelden, Sulz, Württemberg"
"Bergfreiheit, Waldeck"
"Berghaupten, Baden"
"Bergkirchen, Minden, Westfalen"
"Bergkirchen, Preußen"
"Bergkirchen, Westfalen"
"Bergzabern, Bayern"
"Berhingen [?], Landau, Bayern"
"Berkheim, Württemberg"
"Berleburg, Westfalen"
"Berlin, Brandenburg"
"Berlin, Brandenburg [?]"
"Bermuthshain [?], Hessen"
"Bermuthshain, Hessen"
"Bern (canton), Switzerland"
"Bern (Canton), Switzerland [?]"
"Bern, Rheinprovinz"
"Bern, Switzerland"
"Berndorf, Waldeck"
"Berneck, Bayern"
"Bernstadt, Ulm, Württemberg"
"Bersen, Münster, Westfalen [?]"
"Bersenbrück, Hannover"
"Besenau [?], Sachsen (kingdom or province)"
"Besten [?], Hannover"
"Betschdorf [?], Glarus, Switzerland"
"Betten, Basel-Landschaft, Switzerland"
"Bettmar, Braunschweig"
"Betzingen, Württemberg"
"Beuchte, Preußen"
"Beuern, Darmstadt, Hessen"
"Beverangen, Preußen"
"Beverungen, Westfalen"
"Beynitz [?], Bayreuth, Bayern"
Bezenrieth [?]
"Biberach, Württemberg"
"Bickenbach, Darmstadt, Hessen"
"Bidrich [?], Bern, Switzerland"
Biel [?]
"Biel-Benken, Basel-Landschaft, Switzerland"
"Biel-Benken, Basel, Switzerland"
"Bielefeld, Minden, Westfalen"
"Bielefeld, Westfalen"
"Bielefeld, Westfalen [?]"
"Bieleloth [?], Hessen"
"Biensbach [?], Hessen"
"Bietingen, Radolfzell, Baden"
"Bilden [?], Hannover [?]"
"Bildum [?], Bogenon [?], Hannover"
"Billerbeck, Lippe"
"Billethal [?], Bayern"
"Billigheim, Pfalz, Bayern"
"Biloffen [?], Baden"
"Binde, Sachsen (province)"
"Binder, Hannover"
"Bing, Magdeburg [?], Sachsen (province) [?]"
"Bingen, Hannover"
"Binsen, Hannover"
"Birkenau [?], Elsaß-Lothringen"
"Birkenau, Heppenheim, Hessen"
"Bissendorf, Hannover"
"Bissendorf, Osnabrück, Hannover"
"Bittlingen [?], Baden"
Blaeutenroth [?]
"Blankenberg, Erfurt, Sachsen (province)"
"Blankenhagen, Westfalen"
"Blankenloch, Baden"
"Blasheim, Lübbecke, Westfalen"
"Blasheim, Westfalen"
"Blasheim, Westfalen [?]"
"Blaubeuren, Württemberg"
"Bleitzenhausen [?], Cassel, Hessen-Nassau"
"Bliesschweyen, Elsaß-Lothringen"
"Blum [?], Baden [?]"
"Blüthen, Brandenburg"
"Böblingen, Württemberg"
"Bockhorst, Germany"
"Bockhorst, Minden, Westfalen"
"Bockhorst, Preußen"
"Bockwitz [?], Preußen"
"Böddinghausen, Preußen"
"Bodenheim, Hessen"
"Böhmen, Austria"
"Bohnenkamp, Westfalen"
"Bohr [?], Hannover"
"Boitzenburg, Mecklenburg-Schwerin [?]"
"Boizenburg, Mecklenburg"
"Bökel [?], Waldeck"
"Boldienn, Geherzasthum [?], Baden"
"Bollenbach, Baden"
"Bollhausen [?], Preußen"
"Bollinghausen [?], Hannover"
"Boltspag [?], Baden"
"Bolzspach [?], Baden"
"Bönnigheim, Württemberg"
"Bönningen, Bern, Switzerland"
"Bönstadt, Friedberg [?], Hessen [?]"
"Borchardshausen [?], Minden, Westfalen"
"Borenden [?], Göttingen, Hannover"
Borghofer [?]
"Borgholzen [?], Radolfzell, Baden"
"Borgholzhausen [?], Preußen"
"Borgholzhausen [?], Westfalen"
"Borgholzhausen, Bielefeld, Westfalen"
"Borgholzhausen, Halle, Minden, Westfalen"
"Borgholzhausen, Halle, Westfalen"
"Borgholzhausen, Minden, Westfalen"
"Borgholzhausen, Westfalen"
"Borgholzhausen, Westfalen [?]"
"Borghorst, Westfalen"
"Borgloh Wellendorf [?], Hannover"
"Borgloh-Wellendorf, Hannover"
"Borgloh, Hannover"
"Borholzhausen, Halle, Westfalen"
"Bornheim [?], Germany"
"Börninghausen, Lübbecke, Minden, Westfalen"
"Börninghausen, Lübbecke, Westfalen"
"Börninghausen, Minden, Westfalen"
"Börninghausen, Westfalen [?]"
"Borscheid, Düsseldorf, Rheinprovinz"
"Borsdorf [?], Hessen"
"Borsum [?], Aurich, Ostfriesland, Hannover"
"Bösingfeld, Lippe"
"Bostel [?], Wurth [?], Hannover"
"Bostel, Hannover"
"Botnang, Württemberg"
"Brake, Detmold, Lippe"
"Brake, Lippe"
"Brammer, Verden Alller [?], Hannover"
"Bramsche [?], Hannover"
"Bramsche [?], Osnabrück, Hannover"
"Bramsche, Hannover"
"Bramsche, Hannover [?]"
"Bramsche, Vörden, Hannover"
"Bramstedt, Schleswig-Holstein [?]"
"Braunnburig [?], Hannover [?]"
Braunschen [?]
Braunschweig (duchy)
Braunschweig (duchy) [?]
"Braunsdorf, Germany"
"Braunsdorf, Sachsen (kingdom or province)"
"Breddorf, Hannover"
"Breisenmühle [?], Bayern"
"Breisheim [?], Württemberg"
"Breistedt [?], Baden"
"Breitenstein, Hannover [?]"
"Brelsfeld [?], Jorgheim [?], Bayern"
Bremen
Bremen [?]
"Bremen, Preußen"
"Bremenfelden [?], Bayern"
"Bremerhaven, Bremen"
"Bremern, Germany"
"Bremervörde, Hannover"
"Bremgarten, Baden"
"Brensbach, Darmstadt, Hessen"
"Breslau, Schlesien"
"Breslau, Schlesien [?]"
"Bretten, Baden"
"Bretzingen, Baden"
"Bretzingen, Baden [?]"
"Brinkhausen [?], Hessen"
"Brinkhausen [?], Hessen-Nassau"
"Brinkum, Hannover"
"Brinkum, Syke, Hannover"
"Brockhagen, Westfalen"
"Brockhausen, Osnabrück, Hannover"
"Brockum, Lemförde, Hannover"
"Brodhausen, Bayern"
"Broistedt, Braunschweig"
"Bromskirchen, Hessen-Nassau"
"Broniewo, Bromberg, Posen"
"Brötzingen, Baden"
"Bruchhausen, Germany"
"Bruckberg, Ansbach, Mittelfranken, Bayern"
"Brucken, Kirchheim/Teck, Württemberg"
"Brugg, Aargau, Switzerland"
"Brumath [?], Strassburg, Elsaß-Lothringen"
"Brüninghorstedt, Hannover"
"Buchberg, Schaffhausen, Switzerland"
Buchen [?]
"Buchen, Bayern"
"Buchen, Württemberg"
"Buchenau, Hessen-Nassau"
"Buchenau, Hessen-Nassau [?]"
"Büchenberg, Fulda, Hessen-Nassau"
"Buchenberg, Germany"
"Buchenberg, Hessen-Nassau"
"Buchenberg, Hessen-Nassau [?]"
"Buchenbrink, Hannover"
"Buchenbug [?], Hessen"
"Buchholz, Germany"
"Buchhorst, Minden, Westfalen"
Büchwerch [?]
"Bückeburg, Westfalen [?]"
"Buckenwerder [?], Hessen"
"Büdingen, Hessen"
"Buensen, Hannover"
"Buer, Hannover"
"Buer, Hannover [?]"
"Buer, Osnabrück, Hannover"
"Bügen, Pommern"
"Buggenau, Bayern"
"Bühl (district), Baden"
"Bühle, Waldeck"
"Bühren [?], Osnabrück, Hannover"
"Bühren, Hannover"
"Buhren, Neustadt, Brandenburg"
"Bullenheim, Germersheim, Pfalz, Bayern"
"Bünch, Regieuysslys [?], Minden, Westfalen"
"Bünde, Herford, Westfalen"
"Bünde, Minden, Westfalen"
"Büngers, Rheinprovinz [?]"
"Bünte, Hannover"
"Büren, Hannover"
"Büren, Neustadt, Hannover"
"Büren, Preußen"
"Burg, Bebbach, Bayern"
"Burg, Holzhausen, Minden, Westfalen"
"Burgdorf, Hannover"
"Bürgeln [?], Hessen-Nassau"
"Burgholzhausen, Sachsen (province)"
"Burgholzhausen, Sachsen (province) [?]"
"Burgstadt, Germany"
"Burgstädt, Sachsen (kingdom)"
"Burkhards, Hessen"
"Burlafingen, Bayern"
"Burrweiler, Bayern"
"Bürstadt, Hessen"
"Busbach, Bayern"
"Buschsal [?], Hessen"
"Bussingen [?], Hessen-Nassau [?]"
"Butke [?], Waldeck"
"Cammin, Pommern"
"Cannstadt [?], Bayern"
"Cannstadt [?], Württemberg"
"Cannstatt, Stuttgart, Württemberg"
"Cappel [?], Detmold, Lippe"
"Casberg [?], Baden"
"Cassel (district) [?], Hessen-Nassau"
"Cassel [?], Pfalz, Bayern"
"Cassel, Hessen-Nassau"
"Celle, Hannover"
"Charlottenberg, Preußen"
"Chodziesen, Posen"
"Chur, Graubünden, Switzerland"
"Coblenz, Rheinprovinz"
"Coburg, Sachsen-Coburg-Gotha"
"Cohweitz, Claus, Rüden, Germany"
"Collbach, Hessen"
"Cölln, Germany"
"Colmar [?], Elsaß-Lothringen"
"Colmar, Elsaß-Lothringen"
"Corbach, Kreis des Eisenberges, Waldeck"
"Corden, Franduradt [?], Switzerland [?]"
"Cottbus, Brandenburg"
"Crailsheim [?], Württemberg"
"Creglingen, Württemberg"
"Cumbach [?], Germany"
"Cuntin [?], Bunzlau, Schlesien"
"Däezberg, Hessen"
"Daffen [?], Bern, Switzerland"
"Dainrode, Hessen-Nassau"
"Damm, Berlin, Brandenburg"
"Damme, Oldenburg"
"Damme, Oldenburg [?]"
"Damsbrück, Brandenburg"
"Danietz, Germany"
"Danne [?], Preußen"
"Dannigen, Emmendingen, Baden"
"Danzig, Westpreußen"
Darmstadt
"Darmstadt, Hessen"
"Darmstadt, Hessen [?]"
"Davos, Graubünden, Switzerland"
"Deckenbach, Hessen"
"Dedesdorf, Oldenburg"
"Deetz [?], Preußen"
"Deewe [?], Preußen"
"Degerloch, Württemberg"
"Deidesheim, Bayern"
"Deinfeld, Bayern"
"Deisel, Hessen-Nassau"
"Deitz [?], Preußen"
"Dellfort [?], Hannover"
"Delligsen, Braunschweig"
"Deln [?], Hannover"
"Demmingen [?], Württemberg [?]"
Demple [?]
"Denkershausen, Hannover"
"Densberg, Hessen-Nassau"
"Densbüren, Aargau, Switzerland"
"Denschbüren [?], Aargau, Switzerland"
"Denspüren [?], Aargau, Switzerland"
"Dentel [?], Preußen"
"Denzberg, Wezlar, Germany"
"Denzlingen, Baden"
"Derendingen, Tübingen, Württemberg"
"Derendingen, Württemberg"
"Detern [?], Hannover"
"Detmold, Lippe"
"Dettelbach, Bayern"
Dettlingsweiler [?]
"Deute, Hessen-Nassau"
"Deuz, Arnsberg, Westfalen"
"Dickel, Diepholz, Hannover"
"Dieburg [?], Hessen"
"Diede [?], Braunschweig"
"Diedesfeld, Bayern"
"Diehlo [?], Brandenburg"
"Diehlsheim [?], Hessen"
"Dielingen, Lübbecke, Westfalen"
"Dielingen, Rahden, Lübbecke, Minden, Westfalen"
"Dielingen, Westfalen"
"Diemerode [?], Hessen-Nassau"
"Diepenau, Stolzenau, Hannover"
"Diepholz (county), Hannover"
"Diepholz, Diepholz, Hannover"
"Diepholz, Hannover"
"Diepholz, Hannover [?]"
"Diesbach [?], Switzerland"
"Diessenhofen, Thurgau, Switzerland"
"Diesten [?], Hannover"
"Diesten, Hannover [?]"
"Dietersweiler [?], Freudenstadt, Württemberg"
"Dietlingen, Pforzheim, Baden"
"Dietzenbach, Darmstadt, Hessen"
"Dietzenbach, Hessen"
"Dietzhausen [?], Sachsen (province)"
"Dilingen [?] (district), Preußen"
"Dillingen [?], Bayern"
"Dillingen, Bayern"
"Dinkelsbühl [?], Bayern"
"Dinklar, Hannover [?]"
"Dippelerhausen [?], Hessen"
"Dirbaamgin [?], Bayern"
"Dirnau, Mühlhausen, Bayern"
"Dischendorf [?], Reus [?]"
"Dischtschenendorf [?], Sachsen (kingdom or province) [?]"
"Dissen [?] (district), Hannover"
"Dissen [?], Hannover"
"Dissen, Hannover"
"Dissen, Iburg, Hannover"
"Dissen, Osnabrück, Hannover"
"Ditschendorf [?], Sachsen"
"Ditschendorf, Germany"
"Dittelsheim, Büdingen, Hessen"
"Dittelsheim, Darmstadt, Hessen"
"Dittelsheim, Hessen"
"Ditzenbach, Württemberg [?]"
"Ditzendorf [?], K [?], Dresden, Sachsen (kingdom) [?]"
"Dizeldorf [?], Lobenstein, Reuß-jüngere Linie"
"Dobel, Neuenbürg, Württemberg"
"Döffelsachsen [?], Weinheim, Hessen"
Doffend [?]
"Döggingen [?], Baden"
"Döhlau, Bayern"
"Döhlau, Bayreuth, Bayern"
"Dohren, Hannover"
"Döhren, Hannover"
"Domsdarda, Vormholz [?], Westfalen"
"Döringhausen, Westfalen [?]"
"Dornstetten, Württemberg"
"Dörpe, Hannover"
"Döttingen, Aargau, Switzerland"
"Dramburg, Pommern"
"Dramburg, Pommern [?]"
"Dramburg, Preußen"
"Dransfeld, Hannover"
"Drebber, Hannover"
"Dreieichenhain, Hessen"
"Dreifelden, Hessen-Nassau"
"Dreisau, Chatentsch [?], Hessen [?]"
"Dreisbach, Hessen-Nassau"
"Dreisbach, Marburg, Hessen-Nassau"
"Dreiskel [?], Hessen"
"Dresden, Sachsen (kingdom)"
"Dresen, Sachsen (kingdom)"
"Droyssig, Sachsen (province) [?]"
"Dudenrod, Hessen"
"Dudensen, Hannover"
"Duderstadt, Hannover"
"Dufstedt [?], Hannover"
"Duingen, Hannover"
"Duisburg, Rheinprovinz"
Dulensee [?]
"Dünne, Preußen [?]"
Dunzibach [?]
"Durbach, Baden"
"Dürhagen, Rheinprovinz [?]"
"Durmersheim, Baden"
"Dürrheim, Baden"
"Düsseldorf, Rheinprovinz"
Düsselthal [?]
"Dusslingen [?], Württemberg"
"Dustie, Mecklenburg-Schwerin"
"Ebbinghausen, Westfalen"
"Ebe [?], Freren, Hannover"
"Eberstadt, Darmstadt, Hessen"
"Eberstadt, Hessen"
"Ebeugen [?], Baden"
"Echlishausen [?], Bayern"
"Eckelshausen, Hessen-Nassau"
"Edenkoben, Landau, Pfalz, Bayern"
"Edenkoben, Pfalz, Bayern"
"Edenkopf [?], Hessen"
"Ederbringhausen, Hessen-Nassau"
Edingen [?]
"Edingen [?], Preußen"
"edsen, Brandenburg"
"Egelsbach, Groß-Gerau, Darmstadt, Hessen"
"Eggeberg, Westfalen"
"Ehelburg [?], Germany"
"Ehrenburg, Hannover"
"Eichel, Baden"
"Eichelbach [?], Bochnoch [?], Württemberg"
"Eichfeld, Mittelfranken, Bayern"
"Eickhorst, Preußen"
"Eickum, Westfalen"
"Eidinghausen, Westfalen"
"Eigeltingen, Baden"
"Einbeck, Hannover"
"Eisfeld, Germany"
"Eisinghausen, Hannover [?]"
"Eisleben, Sachsen (province)"
"Elber*[?], Germany"
"Elberfeld, Rheinprovinz"
"elburg, Preußen"
"Eldachsen [?], Preußen"
"Eldagsen, Hannover"
"Eldagsen, Minden, Westfalen"
"Eldinghausen [?], Waldeck [?]"
"Elfingen, Aargau, Switzerland"
"Ellenhausen, Hessen-Nassau"
"Ellenhausen, Marburg, Hessen-Nassau"
"Ellenroth [?], Hannover"
"Ellensen, Hannover"
"Elleringhausen [?], Waldeck"
"Elleringhausen, Waldeck"
"Ellhorn, Schleswig-Holstein [?]"
"Ellnrode, Fritzlar, Hessen-Nassau"
"Ellwangen, Württemberg"
"Elmendorf, Oldenburg"
"Elmenscharsen [?], Hessen"
"Elmshausen, Hessen"
Elsaß-Lothringen
"Elsenfeld, Bayern"
"Elsten [?], Oldenburg"
Eltem [?]
"Eltershofen, Hall, Württemberg"
"Elverdissen, Westfalen"
"Emmendingen [?], Baden"
"Emmendingen, Baden"
"Emmersheim [?], Bayern"
"Endighofen [?], Hessen-Nassau"
"Endingen, Baden"
"Endlichhofen, Hessen-Nassau"
"Enenselben, Germany"
"Engbach [?], Pfalz, Bayern"
"Enge [?], Glarus, Switzerland"
"Enger, Westfalen"
"engerich, Tecklenburg, Westfalen"
"Engi, Glarus, Switzerland"
"Engter, Hannover"
"Engter, Osnabrück, Hannover"
"Ennigloh, Westfalen"
"Enze*[?], Germany"
"Epe, Hannover"
"Eppenbrunn, Bayern"
"Eppendorf, Hannover"
"Eppenhain, Hessen-Nassau"
"Eppenheim [?], Baden"
"Eppwil [?], Hessen-Nassau"
"Erbach, Hessen"
"Erbsen, Hannover"
"Erderlinghausen [?], Hessen-Nassau"
"Erdmannhausen, Württemberg"
"Erdmannrode, Hessen-Nassau"
"Erfurt, Sachsen (province)"
Erkshausen [?]
"Erkshausen, Hessen-Nassau"
"Erlangen, Bayern"
"Erlenbach, Pfalz, Bayern"
"Erligheim, Besigheim, Württemberg"
"Erlinsbach [?], Aargau, Switzerland"
"Erlinsbach [?], Argau, Switzerland"
"Ermersbach [?], Bayern"
"Ernsthausen, Hessen-Nassau"
"Erpolzheim, Bayern"
"Erschwil [?], Aargau, Switzerland"
"Erstein, Elsaß-Lothringen"
"Eschau, Nürnberg, Bayern"
"Eschenbach, Göppingen, Württemberg"
"Eschenstruth, Cassel, Hessen-Nassau"
"Eschwege, Hessen-Nassau"
"Eschweiler [?], Hessen-Nassau"
"Eschwil [?], Hessen-Nassau"
"Eseno, Ostfriesland, Germany"
"Esens, Ostfriesland, Hannover"
"Esenshamm, Oldenburg [?]"
"Esigen, Aargau, Switzerland"
"Esperke, Hannover"
"Essen [?], Osnabrück, Hannover"
"Essen, Hannover"
"Essfeld, Bayern"
"Essingen, Bayern"
"Esslingen [?], Aargau, Switzerland"
"Esslingen, Stuttgart, Württemberg"
"Eterbringhausen [?], Frinkenberg [?]"
"Eting, Ahaus, Preußen"
"Etschberg, Kusel, Pfalz, Bayern"
"etten, Tecklenburg, Westfalen"
"Ettersdorf [?], Untermainkreis [?], Bayern"
"Etzdorf [?], Sachsen (province)"
"Etzdorf, Sachsen (kingdom or province)"
"Etzdorf, Sachsen (province) [?]"
"Ewendingen [?], Baden"
"Fahrenbach, Germany"
"Fahrendorf [?], Hannover"
"Fahrendorf, Hannover"
"Fahrenholz [?], Detmold, Lippe"
"Fahrenholz, Lippe"
"Fahrenstedt, Schleswig-Holstein"
"Falkenhagen, Hannover"
"Falle, Hannover"
"Fargau, Schleswig-Holstein"
"Federis, Graubünden, Switzerland"
"Federsheim [?], Hessen"
"Fehmarnsund [?], Schleswig-Holstein"
"Feining [?], Württemberg"
"feld, Württemberg"
"Feldbergen, Hannover"
"Feldheim, Minden, Westfalen"
"Feldmark, Herford, Westfalen"
"Felsberg, Hessen-Nassau"
"Ferkerhaibe [?], Hannover"
"Fetternach [?], Halberstadt, Sachsen"
"Fibringen [?], Baden"
"Fichtenberg, Gaildorf, Württemberg"
"Fideris, Graubünden, Switzerland"
"Finde [?], Hessen"
"Finsterwalde NdLausitz, Brandenburg"
"Fintel, Hannover"
"Firrel, Ostfriesland, Hannover"
"Fischbach, Aargau, Switzerland"
"Fischbek, Schleswig-Holstein"
"Fischerhütte, Germany"
"Flacht, Württemberg"
"Flatow [?], Preußen"
"Flatterbachhausen [?], Oldeburg"
"Flensburg, Schleswig-Holstein"
"Flims, Graubünden, Switzerland"
"Flumenthal, Solothurn, Switzerland"
"Flums, St. Gallen, Switzerland"
"Fluorn, Württemberg"
"Flüte, Hannover"
"Föckinghausen, Hannover"
"Föhren, Rheinprovinz [?]"
"Forenzen [?], Elsaß-Lothringen"
"Forleg [?], Hessen-Nassau"
"Förlingen [?] (district), Hannover"
Fornaustadt [?]
"Forsthaus [?], Lippe"
"Forsthaus, Lippe [?]"
"Fosberg [?], Hannover"
"Fosheim [?], Darmstadt, Hessen"
"Franken, Bayern"
"Franken, Elsaß-Lothringen"
"Frankenberg, Germany"
"Frankenberg, Hessen-Nassau"
"Frankenberg, Sachsen (kingdom)"
"Frankenthal, Pfalz, Bayern"
"Frankf*[?], Germany"
"Frankfurt, Germany"
"Frankfurt, Hessen-Nassau"
"Frankfurt/Main, Hessen-Nassau"
"Fränkisch Crumbach Odenwald, Hessen"
"Frankreich [?], Elsaß-Lothringen"
"Frankreich, Berdeu, Germany"
"Frankreich, Elsaß-Lothringen"
"Frauendorf, Bayern"
"Frebershausen, Waldeck"
"Freiburg (canton), Switzerland"
"Freiburg, Baden"
"Freiburg, Hannover"
"Freiburg, Switzerland"
"Freienwil, Aargau, Switzerland"
"Freilingen, Rheinprovinz"
"Freinheim, Pfalz, Bayern"
"Freinsheim, Bayern"
"Freinsheim, Dirkheim, Pfalz, Bayern"
"Freinsheim, Pfalz, Bayern"
"Freinsheim, Wachenheim, Pfalz, Bayern"
"Freinzheim, Pfalz, Bayern"
"Freistett, Baden"
"Freitingen, Rheinprovinz"
"Freiwaldau, Schlesien"
"Frekesheim [?], Baden"
Fremsbach [?]
"Freudenau, Posen"
"Freudenberg, Preußen"
"Freudenheim, Baden"
"Freudenstadt, Württemberg"
"Freundsheim [?], Pfalz, Bayern"
"Friedberg, Darmstadt, Hessen"
"Friedberg, Hessen"
"Friedeburg, Hannover"
"Friedelhausen, Germany"
"Friedenhain, Bayern"
"Friedrich [?], Germany"
"Friedrichstadt, Schleswig-Holstein"
"Frielendorf, Hessen-Nassau"
"Frielingen, Neustadt/Rübenberge, Hannover"
"Frienstedt, Sachsen (province) [?]"
"Friesenheim, Bayern"
"Friesenheim, Pfalz, Bayern"
"Friesland, Berum, Hannover"
"Friessnitz, Sachsen-Weimar-Eisenach"
"Frohnbach, Baden"
"Frohnhausen, Hessen-Nassau"
"Frohnhausen, Preußen"
"Frohnstetten, Hohenzollern [?]"
"Fröschmühle, Weissenburg, Elsaß-Lothringen"
"Frotheim, Westfalen"
"Frutsweil [?], Bayern"
"Fuhrberg, Hannover"
"Fulda, Hessen-Nassau"
"Funteuthum [?], Lippe"
"Fürfeld, Württemberg"
"Fürsten*[?], Germany"
"Fürstenau [?], Osnabrück, Hannover"
"Fürstenau, Germany"
"Fürstenau, Hannover"
"Fürstenberg, Waldeck"
"Fürstenhagen, Cassel, Hessen-Nassau"
"Fürstenthal, Sachsen (kingdom)"
"Fürstenthum [?], Lippe [?]"
"Fürstenthum [?], Schwarzburg-Sonderhausen"
"Fürstenthum [?], Waldeck"
"Fürstenthum, Hohenzallern [?], Germany [?]"
"Furstth, Osnabrück, Hannover"
"Furterth [?], Waldeck [?]"
"Furth, Bayern"
"Füttendorf [?], Bern, Switzerland"
"Gadenstedt, Hannover"
"Gaildorf, Württemberg"
"Garbeck, Preußen"
"Garbenheim, Wetzlar, Rheinprovinz"
"Garschagen, Rheinprovinz [?]"
"Gastätt, Pfalz, Bayern"
"Gefell, Preußen"
"Gegendrum [?], Baden"
"Gehlenbeck, Lübbecke, Westfalen"
"Gehlenbeck, Westfalen"
"Gehlenbeck, Westfalen [?]"
"Gehrbehausen, Hannover"
"Gehrde, Hannover"
"Gehrde, Knesebeck, Hannover"
"Geisberg, Stuttgart, Württemberg"
"Geisburg, Stuttgardt [?], Württemberg [?]"
"Gelbsweit [?], Bayern"
"Gellenbeck, Hannover [?]"
Gellenheim [?]
"Gemen, Münster, Westfalen"
"Gemünden, Hessen-Nassau"
"Gerden, Hannover"
"Gerdig an der Ruhr [?], Preußen"
"Gerlingen, Germany"
"Gerlingen, Württemberg"
Germany
"Germershausen, Hessen"
"Germersheim, Bayern"
"Germersheim, Pfalz, Bayern"
"Gernsheim, Hessen"
"Geroldstein, Hessen-Nassau"
"Gersfeld Rhön, Hessen-Nassau [?]"
"Gersthalm, Baden"
"Gesk [?], Preußen"
"Geskingen [?], Pfalz, Bayern"
"Gestringen, Westfalen"
"Gettingen [?], Aargau, Switzerland [?]"
"Gewengheim [?], Hessen-Nassau"
"Gibbinghausen, Rheinprovinz"
"Giddelsheim, Hessen [?]"
"Gieboldehausen, Hannover"
"Gießen, [?], Hessen"
"Giessen, Hessen"
"Gikar [?], Preußen"
"Gilstadt [?], Sachsen (kingdom or province)"
"Gimmeldingen-Lobloch, Bayern"
"Gimmeldingen-Lobloch, Pfalz, Bayern"
"Gimmeldingen, Neustadt/Haardt, Pfalz, Bayern"
"Gittelde, Braunschweig"
"Gitter am Berge, Leinberg [?], Hannover"
"Gladenbach, Biedenkopf, Hessen-Nassau"
"Gladenbach, Hessen-Nassau"
"Glarus (canton), Switzerland"
"Glarus [?], Switzerland"
"Glarus, Switzerland"
"Glashütte [?], Lippe"
"Glutz, Lohleurzen, Germany [?]"
"Gminden [?], Hessen-Nassau"
"Gmünd, Württemberg"
"Göbrichen, Baden"
"Goddelsheim, Waldeck"
"Goesnersheim, Pfalz, Bayern"
"Gohfeld, Herford, Minden, Westfalen"
"Gohfeld, Westfalen"
"Gohr, [?]"
"Goihsheim, Neckarsulm, Württemberg"
"Gollensdorf, Sachsen (province)"
"Gönnern, Hessen-Nassau [?]"
"Göppingen, Württemberg"
"Gora, Schlesien [?]"
"Goslar, Hannover"
"Gössnitz, Germany"
"Gottensteiler [?], Landau, Pfalz, Bayern"
"Göttingen, Germany"
"Göttingen, Hannover"
"Götzenhain, Darmstadt, Hessen"
"Götzenhain, Hessen"
"Grabine, Schlesien"
"Gräfenbrück [?], Germany"
"Graubünden (canton), Switzerland"
"Graubünden, Switzerland"
"Grebenhagen, Hessen-Nassau"
"Grebenhain, Hessen"
"Greifenhain, Hessen"
"Greifswald, Pommern"
"Gressentengen [?], Hannover"
"Grestlingen [?], Tecklenburg, Westfalen"
"Gries [?], Bern, Switzerland"
"Grifte, Hessen-Nassau"
"Grindelwald [?], Bern, Switzerland"
"Gröningen, Halberstadt, Sachsen (province)"
"Groppendorf [?], Schleswig, Schleswig-Holstein"
"Gross Berkel, Hannover"
"Groß Engelsheim [?], Baden"
"Gross Flöthe, Hannover"
"Gross Hausen, Hessen [?]"
"Gross Heere, Hannover"
"Groß Hügel [?], Bayern"
"Gross Ilsede, Peine, Hannover"
"Gross Infeld, Oldenburg [?]"
"Gross Karben, Hessen"
"Groß Lassende, Peine, Hannover"
"Groß Merten [?], Bayern"
"Groß Rohrheim, Hessen"
"Gross Umstadt, Hessen"
"Gross Zimmern, Hessen"
"Groß-Bieberau, Hessen"
"Groß-Kallenbach [?], Pfalz, Bayern"
"Groß-Rohrheim, Hessen"
"Großanstadt [?], Hessen [?]"
"Großbrembach, Sachsen-Weimar-Eisenach"
"Grossdüssel, Rheinprovinz [?]"
"Grossen Buseck [?], Hessen"
"Grossen Buseck, Hessen"
"Großen Linden, Giessen, Hessen"
"Großen Linden, Hessen"
"Großen-Buseck, Gießen, Hessen"
"Großen-Buseck, Hessen"
"Grossenbuhrt [?], Hessen [?]"
"Grossenbusse [?], Gießen, Hessen"
"Großenheidorn, Schaumburg-Lippe"
"Großenhügel [?], Bayern"
"Großenwede [?], Hannover"
"Grossheim, Ostpreußen [?]"
"Grosshöhenrain, Bayern"
"Grosskatern, Rheinprovinz [?]"
"Grosssachsen, Baden"
"Grosssachsen, Weinheim, Baden"
"Grosstiefenbach [?], Bayern"
"Großwell, Preußen"
"Grötzingen, Baden"
"Grove [?], Braunschweig [?]"
"Groven [?], Braunschweig"
"Grumbach [?], Hessen-Nassau"
"Grünbichel, Bayern"
"Grüneberg [?], Hannover"
"Grunenberg [?], Germany"
"Grünengrund [?], Hannover"
"Grünenplan, Braunschweig"
"Grus [?], Ostfriesland, Hannover"
"Grüsch, Graubünden, Switzerland"
"Gumbinnen, Ostpreußen"
"Gundheim, Darmstadt, Hessen"
"Gundhelm, Hessen-Nassau"
"Gussalen [?], Hessen-Nassau"
"Gustedt, Hannover"
"Gusternhain [?], Hessen-Nassau"
"Gütersloh, Westfalen"
"Güterstoh, Germany"
"Gütersweiler [?], Freudenstadt, Württemberg"
"Guxhagen, Cassel, Hessen-Nassau"
"Guxhagen, Hessen-Nassau"
"Guxhagen, Melsungen, Hessen-Nassau"
"Gyhum, Hannover"
"Habichhorst, Schaumburg-Lippe"
"Habitzheim, Hessen"
"Habizheim, Hessen"
"Habstadt [?], Bayern"
"Hackmath, Frankreieh, Germany"
"Hadem, Westfalen"
"Häder, Bayern"
"Hagen (district), Hannover"
"Hagen [?], Waldeck"
"Hagen, Hannover"
"Hagen, Lippe"
"Hahle, Hannover"
"Hahlen, Minden, Westfalen"
"Hahndorf, Hannover"
"Hähnlein [?], Hessen"
"Haifingen [?], Endebrück [?],"
"Hainbach, Darmstadt, Hessen"
"Hainfeld, Bayern"
"Hainfeld, Heilbronn, Bayern"
"Hainsberg, Germany"
"Halle (county), Westfalen"
"Halle, Minden, Westfalen"
"Halle, Preußen"
"Halle, Preußen [?]"
"Halle, Sachsen (province)"
"Halle, Westfalen"
"Halle, Westfalen [?]"
"Halltrop [?], Ostfriesland, Hannover"
"Halte, Hannover [?]"
Hamburg
"Hamilton [?], Benetz [?], Bayern"
"Hammersbadh [?], Baden [?]"
"Hanau, Hessen-Nassau"
"Hannchenleben, Kindersheim, Frankreich, Germany"
Hannover
Hannover (province)
"Hannover, Hannover"
"Hannoversminden [?], Hannover"
"Hansen*[?], Germany"
"Hanstedt, Hannover"
"Harber, Hannover"
"Harburg [?], Bayern"
"Hardt, Württemberg"
"Harkemissen, Lippe"
"Harlinghausen, Westfalen"
"Harmuthsachsen, Hessen-Nassau"
"Harste, Döhren [?], Hannover"
"Hartha, Sachsen (kingdom)"
"Hartmath [?], Elsaß-Lothringen"
"Hartum, Minden, Westfalen"
"Hartum, Westfalen"
"Hartum, Westfalen [?]"
"Hasberg, Westfalen"
"Hasdorf, Hessen"
"Hasloch, Pfalz, Bayern"
"Hasselbach, Hessen-Nassau"
"Hasselbach, Zweibrücken [?], Hessen-Nassau [?]"
"Hasselhorst, Preußen [?]"
"Hassenbach, Hessen-Nassau"
"Haßloch, Neustadt/Haardt, Pfalz, Bayern"
"Hasterz [?], Bremen"
"Hattenhausen [?], Göttingen, Hannover"
"Haueisen, Bayern"
"Haufde, Hannover"
"Hausdülmen [?], Westfalen"
"Havelah, Hannover"
"Haverlah, Hannover"
"Heben [?], Bielefeld, Minden, Westfalen"
"Heben [?], Bielefeld, Westfalen"
"Hebern, Hannover"
"Hechingen, Hohenzollern"
"Heckenmünster, Rheinprovinz [?]"
"Heddernheim, Hessen-Nassau"
"Hedelfingen, Cannstatt, Württemberg"
"Hedelfingen, Württemberg"
"Hedelflags, Württemberg"
"Heepen [?], Westfalen"
"Heepen, Westfalen"
"Heidberg, Hessen-Nassau"
"Heideberg, Preußen"
"Heidelsheim [?], Baden"
"Heidesheim [?], Baden [?]"
"Heidesheim, Baden"
"Heidesheim, Baden [?]"
"Heidorn, Hannover"
"Heilbronn, Württemberg"
"Heiligenfelde, Preußen"
"Heiligenstadt [?], Hannover [?]"
"Heimbach, Hessen-Nassau"
"Heimflede [?], Hannover"
"Heinebach, Hessen-Nassau"
"Heinersberg, Bayern"
"Heinersberg, Oberfranken"
"Heinrichs, Erfurt, Sachsen (province)"
"Heinsberg, Preußen"
"Heinz [?], Lippe"
"Heinzenhausen, Pfalz, Bayern"
"Heldburg, Hildburghausen, Sachsen-Meiningen"
"Helena, Memker [?], Bayern"
"Helenenthal [?], Hessen-Nassau"
"Helleetsdorf [?], Sachsen"
"Hellreich [?], Bayern"
"Hellrich [?], Untermainkreis [?], Bayern"
"Helmbrechts, Bayern"
"Helmscheid, Waldeck"
"Helmstadt, Baden"
"Helmstadt, Baden [?]"
"Helzen, Rheinprovinz"
"Hemfurth [?], Westfalen [?]"
"Hemsbach, Baden"
"Hemsbach, Weinheim, Baden"
"Henfort [?], Waldeck"
"Henkhausen, Westfalen"
"Hennewich, Westfalen [?]"
"Henscher, Rupprichtardt [?], Rheinprovinz [?]"
"Heppenheim, Darmstadt, Hessen"
"Heppenheim, Hessen"
"Herbaldsheim [?], Württemberg"
"Herbolzheim, Baden"
"Herd, Pfalz, Bayern"
"Herford, Minden, Westfalen"
"Herford, Westfalen"
"Herfurth, Bayern"
"Hergershausen, Hessen-Nassau"
"Hergeschhausen [?], Hessen-Nassau"
"Herrentrup, Lippe"
"Herrheim [?], Württemberg"
"Herrnsheim [?], Bayern"
"Herschberg, Pirmasens, Pfalz, Bayern"
"Herschlesien, Germany"
"Hersfeld, Hessen-Nassau"
"Herßsum, Hannover"
"Herssum, Hannover [?]"
"Herstum [?], Schleswig, Schleswig-Holstein"
"Hertmannsweiler, Württemberg"
"Herzberg, Hannover"
"Herzberg, Preußen"
"Herzegthum, Hessen"
"Herzeheim [?], Hessen"
"Herzhausen, Hessen-Nassau"
"Herzhausen, Vöhl, Hessen"
"Herzogenbuchsee, Bern, Switzerland"
"Herzogthau, Lauenberg [?], Germany [?]"
"Herzogtum Lauenburg [?], Schleswig-Holstein"
"Herzogtum Lauenburg, Schleswig-Holstein [?]"
"Hesedorf, Hannover"
"Hesel, Hannover"
"Hesel, Ostfriesland, Hannover"
"Heßdorf, Bayern"
"Hesseler, Westfalen"
Hessen
Hessen [?]
Hessen-Nassau
Hessen-Nassau (province)
"Hesserode, Hessen-Nassau"
"Hesslar, Hessen-Nassau"
"Heteringen [?], Hessen-Nassau"
"Hettenhausen [?], Minden, Westfalen"
"Hettensen, Hannover"
"Hettmar [?], Lippe [?]"
"Hicker [?], Preußen"
"Hideram [?], Berge, Hannover"
"Hierholz, Baden [?]"
"Hilbenhof, Württemberg"
"Hildesheim, Baden"
"Hildesheim, Hannover"
"Hildesheim, Preußen"
"Hille, Westfalen"
"Hiller, Germany"
"Hilpert [?], Württemberg"
"Hilsbronn [?], Hannover"
"Hilter, Hannover"
Hilthat [?]
"Himmelkron, Bayern"
"Himmelkron, Garneck [?], Bayern"
"Hinjenheim [?], Landau, Pfalz, Bayern"
Hinsner [?]
"Hintersteinau, Hessen-Nassau"
"Hirschberg, Pfalz, Bayern"
"Hirschberg, Waldfischbach, Pfalz, Bayern"
"Hirschfeld, Germany"
"Hirschfeld, Preußen"
"Hitzhausen, Osnabrück, Hannover"
"Hoch, Berneck, Bayern"
"Hochöster [?], Bayern"
"Höchst, Darmstadt, Hessen"
"Höchst, Hessen"
"Höchstedt, Bayern"
"Höchsten, Westfalen"
"Höchster [?], Hessen [?]"
"Hof, Hessen-Nassau"
"Hofenstadt [?], Hannover"
"Höfingen, Leonberg, Württemberg"
"Höfingen, Württemberg"
"Höheinöd, Waldfischbach, Pirmasens, Pfalz, Bayern"
"Hohenbingen [?], Weissenburg, Switzerland"
"Hohenhameln, Hannover"
"Hohenhameln, Peine, Hannover"
"Hohenhenecke [?], Peine, Hannover"
"Hohenkirchen, Germany"
"Hohensachsen [?], Baden"
"Hohensachsen, Baden"
"Hohensachsen, Weinheim, Baden"
"Hohenweiler [?], Württemberg"
"Hohenwerthenbach, Baden"
"Hohenzollern, Germany"
"Holicher [?], Switzerland"
"Holle [?], Osnabrück, Hannover [?]"
"Hollenbeck [?], Preußen"
"Holstein [?], Lippe [?]"
"Holstein, Germany"
"Holte, Hannover"
"Holte, Osnabrück, Hannover"
"Holte, Preußen"
"Holtrop, Aurich, Hannover [?]"
"Holzen, Braunschweig"
"Hölzenhausen, Hessen-Nassau [?]"
"Holzhausen, Frankfurt/Main, Hessen-Nassau"
"Holzhausen, Germany"
"Holzhausen, Hessen"
"Holzhausen, Minden, Westfalen"
"Holzhausen, Preußen"
"Holzhausen, Westfalen"
"Holzhausen, Westfalen [?]"
"Holzingen [?], Bayern"
"Homberg, Hessen"
"Homburg an der Ohm, Darmstadt, Hessen"
"Homburg, Bayern"
"Homburg, Hessen-Nassau"
Hont [?]
"Hoppenheim [?], Switzerland"
"Hoppenrade, Mecklenburg-Schwerin"
"Hörde, Westfalen"
"Hördt, Germersheim, Bayern"
"Horn, Lippe"
"Horneburg, Stade, Hannover"
"Horrheim, Württemberg"
"horst, Baden"
"Horst, Germany"
"Hörste, Westfalen"
"Hörtel [?], Hannover"
"Höster [?], Preußen"
"Hoyel, Hannover"
"Hüde, Lemförde, Hannover"
"Hudenbeck, Bielefeld, Westfalen"
"Hufestadt, Hannover"
"Hulda [?], Sachsen-Altenburg"
"Hullenbizern [?], Preußen"
"Hüllhorst, Minden, Westfalen"
"Hüllhorst, Preußen"
"Hüllhorst, Westfalen"
"Hultgordt [?], Württemberg"
"Hundelshausen, Hessen-Nassau"
"Hundshausen, Rotenburg, Hessen-Nassau"
"Hustedt, Wolberg, Hannover"
"Hustein, Germany"
"Hütetten, Braunschweig"
"Hütten, Preußen [?]"
"Hüttenberg [?], Bayern"
"Iburg, Dissen, Hannover"
"Ickelheim, Bayern"
"Idelsheim [?], Bayern"
"Igenberg [?], Minden, Westfalen"
"Iggelheim, Bayern"
"Iggelheim, Pfalz, Bayern"
"Ihlingen, Württemberg"
"Ihrhove, Hannover"
"Ilanz [?], St. Gallen, Switzerland"
"Ilbeshausen, Lauterbach, Hessen"
"Ilbesheim, Baden"
"Ilbesheim, Landau, Bayern"
"Ilbesheim, Landau, Pfalz, Bayern"
"Ilbesheim, Leeder, Bayern"
"Ilenova, Braunschweig"
"Ilersheim [?], Hessen-Nassau"
"Illesheim, Pfalz, Bayern"
"Illingen, Baden"
"Illingen, Württemberg"
"Illnhausen, Hessen"
"Ilmisberg [?], Hessen-Nassau"
"Ilsfeld, Württemberg"
"Im Kampe [?], Westfalen"
"Imbshausen, Hannover"
"Imsbach [?], Bayern"
"Imsbach, Pfalz, Bayern"
"Ingenheim, Pfalz, Bayern"
"Insel, Preußen"
"Inshausen, Hannover"
"Intschede, Hannover"
"Ippesheim, Hessen"
"Isbeck, Braunschweig"
"Ischelheim, Speier, Pfalz, Bayern"
Iselburg [?]
"Isenstedt, Westfalen"
"Iserlohn, Arnsberg, Westfalen"
"Isern [?], Braunschweig"
"Ispringen, Baden"
"Ispringen, Baden [?]"
"Isselhorst, Bielefeld, Westfalen"
"Issigau, Bayern"
"Itingen, Basel, Switzerland"
"Ittigen [?], Basel-Landschaft, Switzerland"
"Ittlingen, Baden"
"Izenburg [?], Mecklenburg-Schwerin"
"Jate [?], Hannover"
"Jeffer [?], Oldenburg"
"Jena, Sachsen-Weimar-Eisenach"
Jesshausen [?]
"Jessnitz, Dessau, Anhalt"
"Jobbaigert [?], Pfalz, Bayern"
"Johannes*[?], Bayern"
"Jöllenbeck [?], Westfalen [?]"
"Jöllenbeck, Beckfeld [?]"
"Jöllenbeck, Bielefeld, Westfalen"
"Jöllenbeck, Minden Westfalen"
"Jöllenbeck, Minden, Westfalen"
"Jöllenbeck, Westfalen"
"Jonaswalde, Sachsen-Altenburg [?]"
"Josbach, Hessen-Nassau"
"Jü [?], Minden, Westfalen"
"Jugendheim [?], Hessen"
"Jugenheim, Darmstadt, Hessen"
"Jugenheim, Hessen"
"Jusheim [?], Hessen"
"Kadezberg [?], Bayern"
"Kaisershagen [?], Mühlhausen, Erfurt, Sachsen (province)"
"Kaisershagen, Erfurt, Sachsen (province) [?]"
"Kaiserslautern, Bayern"
"Kaiserslautern, Pfalz, Bayern"
"Kale*[?], Germany"
"Kalefeld, Hannover"
"Kalenberg, Hannover"
"Kallenberg [?], Württemberg"
"Kaltennordheim Rhön, Sachsen-Weimar-Eisenach"
"Kandern, Baden"
"Kannawurf, Sachsen (province)"
"Kappel, Fritzlar, Hessen-Nassau"
"Kappeln, Pfalz, Bayern"
"Kappeln, Preußen"
"Karlsruhe, Baden"
"Kartenhagen [?], Hessen [?]"
"Kassel, Hessen-Nassau"
"Kassel, Hessen-Nassau [?]"
"Kasselburg [?], Rheinprovinz"
Kath [?]
"Katholdsburg [?], Bayern"
"Katholsburg [?], Bayern"
"Katoldsberg [?], Bayern"
"Katolsburg [?], Ansbach, Bayern"
"Katolsburg [?], Pfalz, Bayern"
"Kattenbreuken [?], Westfalen"
"Kaufungen, Hessen-Nassau"
"Kaufungen, Sachsen (kingdom)"
"Kaulstoss, Hessen"
"Kehl, Baden"
"Kehrenbach, Hessen-Nassau"
"Keinstein [?], Württemberg"
Kelf [?]
"Kemberg, Sachsen (province)"
"Kemmarode [?], Melsungen, Hessen-Nassau"
"Kemmerode [?], Hessen-Nassau"
"Kenrig [?], Württemberg"
"Kernwerk [?], Posen"
"Kerzenheim [?], Pfalz, Bayern"
"Kettel [?], Rheinprovinz"
"Kettenheim, Hessen"
"Kieselbach, Kreuznach, Coblenz, Rheinprovinz"
"Kingshagen [?], Hessen-Nassau"
"Kirberg, Hessen-Nassau"
"Kirch-Göns [?], Darmstadt, Hessen"
"Kirchberg, Hessen"
Kirchbrod [?]
"Kirchdorf, Germany"
Kirchenfort [?]
"Kirchleus, Bayern"
"Kirchlotheim, Hessen-Nassau"
"Kirchspiel, Hannover"
"Kirchspiel, Westfalen"
"Kirdeka [?], Bayern"
"Kirdorf, Rheinprovinz [?]"
"Kirzen [?], Glarus, Switzerland"
"Kitschendorf [?], Ansbach [?], Bayern"
"Kitti [?], Aarau, Switzerland"
"Klein Heidorn, Hannover"
"Klein Lengden, Hannover"
"Klein Lengden, Hildesheim, Hannover"
"Klein Meckelsen, Hannover"
"Klein Umstadt, Hessen"
"Klein Zimmern, Hessen"
"Kleineichstädt, Sachsen (province)"
"Kleinfischlingen, Landau, Pfalz, Bayern"
"Kleinlangheim, Bayern"
"Kleinmünster, Bayern"
"Kleinweiler, Pfalz, Bayern"
"Kleisweiler [?], Pfalz, Bayern"
"Klemme [?], Hannover [?]"
"Kleve, Westfalen"
Klidieg [?]
"Kligengen [?], Preußen"
"Klinting, Schleswig-Holstein"
"Knittelsheim, Pfalz, Bayern"
"Koblenz, Germany"
"Koblenz, Rheinprovinz"
"Koilshausen [?], Springberg [?], Darmstadt, Hessen"
"Kölkebeck, Westfalen"
"Köln, Schlesien"
"Königshausen [?], Hessen-Nassau"
"Königshausen, Rothenburg, Bayern"
"Konstanz, Baden"
"Koppenbrügge, Hannover"
"Kördorf, Darmstadt, Hessen"
"Korfstein [?], Waldeck"
"Kork, Kehl, Baden"
"Kottenbach [?], Heidelberg, Baden"
"Kotterlinde, Rheinprovinz [?]"
"Kraak, Mecklenburg-Schwerin"
"Krakan [?], Osterweiler, Bayern"
"Kreetz [?], Bayreuth, Bayern"
"Kreis*[?], Bayern"
"Kreisauer [?], Preußen"
"Kreitsheim [?], Württemberg"
"Krems, Niederösterreich, Austria"
"Kreuzthal, Preußen"
"Kronenberg, Preußen"
"Kronsberg, Hannover [?]"
"Krumknie, Posen"
"Krüssau [?], Sachsen (province)"
"Krüssel, Hannover [?]"
"Kübenick [?],"
"Kuchenberg, Völ, Darmstadt, Hessen"
"Kuden, Schleswig-Holstein"
"Kuhhort [?], Pfalz, Bayern"
"Kulmbach, Bayern"
"Kunzen [?], Glarus, Switzerland"
"Kuppendorf, Hannover"
"Küttigen, Aarau, Switzerland"
"Küttigen, Aargau, Switzerland"
"Laar, Westfalen"
"Läbrechteim [?], Württemberg"
"Lachen, Schwyz, Switzerland"
"Lackli [?], Neuenburg, Switzerland"
"Lage [?], Jena, Sachsen-Weimar-Eisenach"
"Lage [?], Tecklenburg, Westfalen"
"Lahde, Minden, Westfalen"
"Lahr, Baden"
"Laibach, Westfalen [?]"
"Lambsheim [?], Pfalz, Bayern"
"Lambsheim, Pfalz, Bayern"
"Lammsheim [?], Pfalz, Bayern"
"Lampertheim, Darmstadt, Hessen"
"Lampertheim, Hessen"
"Lamstedt, Hannover"
"Landau, Bayern"
"Landau, Pfalz, Bayern"
"Landau, Pfalz, Bayerns"
"Landau, Waldeck"
"Landenheim [?], Württemberg"
"Landerstedt [?], Bayern"
"Landsburg, Hannover"
"Landsheim [?], Pfalz, Bayern"
"Langeck, Baden [?]"
"Langelage, Hannover"
"Langen, Hannover"
"Langenbeutingen, Württemberg"
"Langendembach, Sachsen-Weimar-Eisenach"
"Langenhain [?], Germany"
"Langenheim, Posen [?]"
"Langenholzhausen, Lippe"
Langensalz [?]
"Langensalza, Sachsen (province)"
"Langensulzbach, Elsaß-Lothringen"
"Langenzallbold [?], Hessen-Nassau"
"Langern [?], Münster, Tecklenburg, Westfalen"
"Langsalzhausen [?], Minden, Westfalen"
"Langwedel, Germany"
"Läthe [?], [?], [?]"
"Laubach, Hessen"
"Laubenheim [?], Hessen"
"Laudenbach, Baden"
"Lauenburg (district), Pommern"
"Lauenburg, Pommern"
"Lauenburg, Preußen"
"Lauenstein, Germany"
"Laut [?], Pfalz, Bayern"
"Lautenbach, Baden"
"Lautern, Bensheim, Hessen"
"Lebge, Westfalen"
"Leeden, Preußen"
"Leedorf, Hannover"
"Legelshurst [?], Baden"
"Legen [?], Hannover"
"Legenhausen, Hannover"
"lehausen [?], Hannover"
"Lehe [?], Stolzenau, Hannover"
"Lehr, Württemberg [?]"
"Lehrbach, Alsfeld, Hessen"
"Leichau, Bayern"
"Leiden [?], Elingen [?], Württemberg"
"Leidenberg, Schwarzburg-Rudolstadt"
"Leidmand, Hessen"
"Leimbach, Hessen-Nassau"
"Leinbach, Württemberg"
"Leinheim [?], Pfalz, Bayern"
"Leipzig, Sachsen (kingdom)"
"Leisnig, Sachsen (kingdom)"
"Leitendorf, Bayern"
"Leithen, Bayern"
"Leitz [?], Sachsen (province) [?]"
"Lemmstein [?], Hessen"
"Lemshausen [?], Hannover"
"Lendrigen, Württemberg"
"Lengede, Hannover"
"Lengenleiberniederheim, Altenburg, Sachsen-Altenburg"
"Lengerich, Hannover"
"Lengerich, Minden, Westfalen"
"Lengerich, Münster, Tecklenburg, Westfalen"
"Lengerich, Münster, Westfalen"
"Lengerich, Preußen"
"Lengerich, Tecklenburg, Münster, Westfalen"
"Lengerich, Tecklenburg, Westfalen"
"Lengerich, Westfalen"
"Lenne, Westfalen"
"Lennen [?], Münster, Westfalen [?]"
"Lennen [?], Preußen"
"Lenninghausen, Spenge, Westfalen"
"Lenzersdorf, Bayern"
"Leppin, Pommern"
"Leppin, Pommern [?]"
"Leppin, Preußen"
"Lesse, Braunschweig"
"Lette, Westfalen [?]"
"Leutekspoh, Wartty [?]"
"Levern, Lübbecke, Westfalen"
"Lichenroth, Birstein, Hessen-Nassau"
"Lichensheid, Hessen-Nassau"
"Lichtenau, Germany"
"Lichtenhagen, Hannover"
"Lichtenhain, Sachsen-Meiningen"
"Lick, Ofenberg, Hessen"
"Liel [?], Baden"
"Lienen [?], Westfalen [?]"
"Lienen, Münster, Westfalen"
"Lienen, Warendorf, Westfalen"
"Lienen, Westfalen"
"Lietingen [?], Hessen"
"Lindenberg, Preußen"
"Lindenburg, Posen"
"Linderbach, Sachsen-Weimar-Eisenach"
"Lindhorst, Schaumburg-Lippe"
"Lindorf, Hannover"
"Lindwedel, Hannover"
"Linne, Hannover"
"Linnen [?], Baden"
"Linnigte [?], Oldenburg"
"Linsburg, Hannover"
"Linsenhofen [?], Württemberg"
"Linsenhofen, [?], Württemberg"
"Linsenhofen, Württemberg"
"Linsenhofen, Württemberg [?]"
"Linter, Hessen-Nassau"
"Linthal, Glarus, Switzerland"
"Linx, Baden"
Lippe
Lippe (principality)
"Lippe, Westfalen [?]"
"Lippeke [?], Preußen"
"Lippelsachsen [?], Baden [?]"
"Lipperode, Lippe"
"Lippinghausen, Herford, Westfalen"
"Lippinghausen, Westfalen"
"Lipprechterode, Sachsen (province)"
"Lippstadt, Hessen"
"Lippstadt, Westfalen"
"Lippstoh [?], Westfalen"
"Lischhausen [?], Hannover"
"Lobeglen [?], Sachsen (kingdom or province)"
"Löben, Sachsen (province)"
"Lobenstein, Reuß-jüngere Linie [?]"
"Lohne, Hessen-Nassau"
"Löhne, Minden, Westfalen"
"Lohne, Sachsen (province)"
"Lohrich [?], Aargau, Switzerland"
"Lommersheim [?], Pfalz, Bayern"
"Lonsheim, Darmstadt, Hessen"
"Lorsch, Hessen"
"Lost [?], Minden, Westfalen"
"Lotheim, Hessen"
"Lotte, Tecklenburg, Münster, Westfalen"
"Lotte, Westfalen"
"Lotzen, Brandenburg"
"Löwenheim, Württemberg"
"Löwenstein, Weinberg, Preußen"
"Löwenstein, Weinsberg, Württemberg"
"Löwenstein, Württemberg"
"Lübbeck [?], Mecklenburg-Schwerin [?]"
"Lübbecke, Minden, Westfalen"
"Lübbecke, Westfalen"
"Lübbecke, Westfalen [?]"
Lübeck
"Lübeck, Schleswig-Holstein"
"Luckau, Preußen"
"Ludingen [?], Baden"
"Ludwigsburg, Württemberg"
"Luerich, Waldeck"
"Lugau/Erzgebirge, Sachsen (kingdom)"
"Lüke, Schnathorst [?], Westfalen [?]"
"Lüneburg, Hannover"
"Lüstringen, Hannover [?]"
"Lutter, Hannover"
"Lüttringen [?], Westfalen"
"Luttrum, Hannover"
"Lütz, Rheinprovinz [?]"
"Lützelsachsen [?], Baden"
"Lützelsachsen, Baden"
"Lützelsachsen, Weinheim, Baden"
"Lützendorf, Hessen-Nassau"
"Luzern (canton) [?], Switzerland"
"Luzern (canton), Switzerland"
"M [?], T [?], Bayern"
"Ma [?]heim, Hessen"
"Magdeberg, Sachsen (province)"
"Magdeburg, Germany"
"Magdeburg, Sachsen (province)"
Magedendorf [?]
"Mahlen [?], Hannover"
"Maienfeld, Graubünden, Switzerland"
"Maifler, Luhe [?], Baden"
"Mainz, Bayern"
"Mainz, Darmstadt, Hessen"
"Mainz, Germany"
"Mainz, Hessen"
"Malans, Graubünden, Switzerland"
"Malberg [?], Preußen"
"Malschenberg, Wiesbach, Baden"
"Malsfeld, Hessen-Nassau"
"Malzbach [?], [?]"
"Manchen [?], Württemberg"
"Mangersreuth, Bayern"
"Mannheim, Baden"
"Mannheim, Germany"
"Mannsdorf, Preußen"
"Marbach, Württemberg"
Marburg
"Marburg, Hessen-Nassau"
Margarethe Hartmann
"Margarethenhof, Westfalen [?]"
"Marienberg [?], Hessen-Nassau"
"Marienberg, Hessen-Nassau"
"Mariendrebber, Diepholz, Hannover"
"Marienhagen, Hessen"
"Marienhagen, Hessen-Nassau"
"Marienhausen, Hessen-Nassau"
"Marienheim, Bayern"
"Markgröningen, Württemberg"
"Marklendorf, Hannover"
"Markoldendorf, Hannover"
"Markolsheim [?], Germany"
"Marktl [?], Bayern"
"Marlach, Württemberg"
"Marne, Ostfriesland, Hannover"
"Marne, Schleswig-Holstein"
"Marschhorst, Hannover"
"Martfeld, Hoya, Hannover"
"Martin, Pfalz, Bayern"
"Martinhagen, Hessen-Nassau"
"Martinlamitz, Bayern"
"Mathä, Bayern"
"Mathens [?], Niederamtau [?], Darmstadt, Hessen"
"Matten, Aargau, Switzerland"
"Maulach, Crailsheim, Württemberg"
"Maulbach, Darmstadt, Hessen"
"Maxdorf, Pfalz, Bayern"
"Meckenheim, Neustadt/Haardt, Pfalz, Bayern"
"Meckesheim, Baden"
Mecklenburg
Mecklenburg-Schwerin
Mecklenburg-Stretlitz
"Medenbach, Hessen-Nassau"
"Medenbach, Hochheim, Hessen-Nassau"
"Meerberg, Preußen [?]"
"Meierberg, Lippe"
"Meigingen [?], Löbbingen [?], Württemberg"
"Meilsdorf [?], Schleswig-Holstein"
"Meinhard [?], Niermsberg [?], Württemberg"
"Meinhard [?], Weinsberg [?]"
"Meisch [?], Zichtheim [?], Hessen-Nassau"
"Meisheim [?], Hessen-Nassau"
"Meissen [?], Minden, Westfalen"
"Meissenheim, Baden"
"Meissenheim, Baden [?]"
"Meitze, Bissendorf, Hannover"
"Melle, Hannover"
"Melle, Osnabrück, Hannover"
"Mellen [?], Graubünden, Switzerland"
"Mellen [?], Hessen"
"Mellrich, Lippstadt, Westfalen"
"Melzingen, Herrenberg, Württemberg [?]"
"Mengeringhausen, Waldeck"
"Mengershausen, Hannover"
"Mengsberg, Hessen-Nassau"
"Menich, Preußen"
"Mennighüffen, Westfalen"
"Menselhof [?], Bayern"
"Mensfelden, Hessen-Nassau"
"Menslage, Hannover"
"Mente [?], Minden, Westfalen"
"Mentrup, Osnabrück [?], Hannover"
"Menzheim [?], Pfalz, Bayern"
"Menzingen, Baden [?]"
"Mergeschhausen [?], Hessen-Nassau"
"Merishausen, Schaffhausen, Switzerland"
"Merlau, Hessen"
"Merzhausen [?], Darmstadt, Hessen"
"Merzhausen, Hessen-Nassau"
"Merzhausen, Melsungen, Hessen-Nassau"
"Meseheit [?], Hessen-Nassau"
"Mesendorf, Brandenburg"
"Messel, Hessen"
"Messingen, Hannover [?]"
Metsfeld [?]
"Metwingen, Oberndorf [?], Württemberg [?]"
"Metz [?], St. Gallen, Switzerland"
"Metz, Elsaß-Lothringen"
"Metzingen, Württemberg"
"Metzwil [?], St. Gallen, Switzerland"
"Mienfeld [?], Pfalz, Bayern"
"Mieslenthen, Bayern"
"Milchenbach, Westfalen [?]"
"Minden (district) [?], Preußen"
"Minden (district), Preußen"
"Minden (district), Westfalen"
"Minden (district), Westfalen [?]"
"Minden [?], Westfalen"
"Minden, Westfalen"
"Minden, Westfalen [?]"
"Minderheide, Westfalen"
"Misselga [?], Bayern"
"Mistelgau, Bayern"
"Mittel-Seemen, Hessen"
"Mittel-Seemen, Nidda, Hessen"
"Mittelbronn, Gaildorf [?], Württemberg"
"Mittelbronn, Gaildorf, Württemberg"
Mittelsheim [?]
"Möhringen, Stuttgart, Württemberg"
"Möhringen, Württemberg"
"Moisaill [?], Baden [?]"
"Moischeid, Hessen-Nassau"
"Möllen, Brandenburg [?]"
"Möllen, Germany"
"Mollis, Glarus, Switzerland"
"Mommenheim, Hessen"
"Moosleerau, Aargau, Switzerland"
"Mörsfeld, Bayern"
"Mörzheim, Bayern"
"Mörzheim, Hornbach, Bayern"
"Mörzheim, Landau, Pfalz, Bayern"
"Mörzheim, Pfalz, Bayern"
"Mosbach, Baden"
"Mosbach, Germany"
"Moschheim, Hessen-Nassau"
"Mosheim, Homburg, Hessen-Nassau"
"Muchhausen, Rheinprovinz"
"Mückengen [?], Silverberg [?], Württemberg"
"Muddenz, Basel-Landschaft, Switzerland"
"Mühlbach, Hessen-Nassau"
"Mühlhausen, Baden"
"Mühlhausen, Bayern"
"Mühlhausen, Elsaß-Lothringen"
"Mühlhausen, Erfurt, Sachsen (province)"
"Mühlhausen, Preußen"
"Mühlhausen, Sachsen (province)"
"Mühlhausen, Waldeck"
"Mühlhausen, Westfalen [?]"
"Mühlhausen, Württemberg"
"Mühlheim, Germany"
"Mühlheim, Preußen"
"Müllau, Hessen"
"Müllheim [?], Baden"
"Müllheim, Baden"
"Münchberg, Bayern"
"Münster, Hessen-Nassau"
"Münster, Preußen"
"Münster, Westfalen"
"Müntz*[?], Germany"
"Musbach, Pfalz, Bayern"
"Muskau, Rothenburg, Liegnitz, Schlesien"
"Mußbach, Neustadt, Pfalz, Bayern"
"Mußbach, Pfalz, Bayern"
"Muttenz, Basel, Switzerland"
"Mutzbach, Reuß-ältere Linie [?]"
"N [?]hausen, Hessen"
"Nabern, Württemberg"
"Nakel, Bromberg Posen"
"Natbergen, Hannover"
"Natbergen, Osnabrück, Hannover"
"Nattheim [?], Württemberg"
"Nauheim, Hessen-Nassau"
"Naumburg, Germany"
"Naumburg, Preußen"
"Nausied [?], Preußen"
"Naussdorf, Bayern"
"Neckar [?], Mosbach, Baden"
"Neckarelz, Baden"
"Neckarschwarzbach, Württemberg"
"Nehringen, Pommern"
"Nellingen, Württemberg [?]"
"Nemden, Hannover"
"Nennerandel [?], Pfalz, Bayern"
"Nesten [?], Wallis, Switzerland"
"Neu Goldbeck, Sachsen (province) [?]"
"Neu Mellentin, Brandenburg [?]"
"Neu Premslin, Brandenburg"
NeuBayern
"Neuenbach [?], Pfalz, Bayern"
"Neuenkirchen [?], Melle, Hannover"
"Neuenkirchen, Hannover"
"Neuenkirchen, Melle, Grönenberg [?], Hannover"
"Neuenkirchen, Melle, Hannover"
"Neuenkirchen, Minden, Westfalen"
"Neuenkirchen, Preußen"
"Neuenwalde, Hannover"
"Neuhaus (county), Hannover"
"Neuhaus, Stade (district) [?], Hannover"
"Neuhausen, Preußen"
"Neuholland [?], Braunschweig"
"Neukarels [?], Baden"
"Neukirchen [?], Melle, Hannover"
"Neukirchen, Hessen-Nassau"
"Neukirchen, Waldeck"
"Neuler [?], Bayern"
"Neunkirchen, Hessen"
"Neunkirchen, Westfalen [?]"
"Neussen [?], Württemberg"
"Neustadt, Grus [?], Ostfriesland, Hannover"
"Neustadt, Hannover"
"Neustadt, Hessen"
"Neustadt, Mecklenburg-Schwerin"
"Neustadt/Oder [?], Sachsen-Weimar-Eisenach [?]"
"Neustädtlein [?], Bayern"
"Neustädtlein, Bayern"
"Neuvollmond [?], Hannover"
"Neuwallmo [?], Preußen"
"Neuwallmoden, Braunschweig"
"Neuwied, Rheinprovinz"
"Nidda, Hessen"
"Nidelschin [?], Hessen-Nassau"
"Nieder Forsten, Schlesien"
"Nieder Liebersbach, Hessen"
"Nieder Seemen, Hessen"
"Nieder-Modau, Hessen"
"Nieder-Seemen, Darmstadt, Hessen"
"Niederbachheim, Homburg, Hessen-Nassau"
"Niederbeisheim, Hessen-Nassau"
"Niederbeisheim, Homburg, Hessen-Nassau"
Niederbeithei [?]
"Niederberg, Preußen [?]"
"Niederbruck [?], Elsaß-Lothringen"
"Niederdornberg-Deppendorf, Minden, Westfalen"
"Niederhalbach [?], Bayern"
"Niederhemer, Westfalen [?]"
"Niederhorst, Bayern"
"Niederjöllenbeck, Westfalen"
"Niederkirchen, Bayern"
"Niederkrossen, Kahla, Sachsen-Altenburg"
Niederlustadt Bayern
"Niederlustadt, Bayern"
"Niederlustadt, Pfalz, Bayern"
"Niedernberg, Bayern"
"Niederndorf, Hessen"
Niederneckarn [?]
"Niedernstocken/Leine, Hannover"
"Niederrödern, Elsaß-Lothringen"
"Niederselters, Hessen-Nassau"
"Niederthalheim, Sachsen (kingdom) [?]"
"Niederweiler [?], Aarau, Switzerland"
"Niederwenden [?], Waldeck"
"Niederwendungen [?], Schaumburg-Lippe"
"Niederwil, Aargau, Switzerland"
"Niederwildau [?], Waldeck [?]"
"Niederworbe [?], Waldeck"
"Niedling, Bayern"
"Niedrigminden [?], Darmstadt, Hessen"
"Niekosken, Posen"
"Nielehausen [?], Hannover"
"Nienburg, Westfalen"
"Nienfeld [?], Württemberg"
"Nieskosken, Posen"
"Niestedt, Hannover"
Nischaga [?]
"Nodhemmern, Westfalen"
"Nonnenroth, Hessen"
"Nonnenwald, Bayern"
"Nonrod, Hessen"
"Nordaldenmardt, Bayern"
"Nordfeld*[?], Hannover"
"Nordhalben [?], Bayern"
"Nordhalten [?], Bayern"
"Nordhausen, Preußen"
"Nordhausen/Harz, Sachsen (province)"
"Nordheim, Bayern"
"Nordheim, Germany"
"Nordheim, Hessen"
"Nordhemmern, Minden, Westfalen"
"Nordhemmern, Westfalen"
"Nordheuben [?], Germany [?]"
"Nordholm [?], Heinerberg [?]"
Nordkalden [?]
"Norwegen [?], Hessen [?]"
"Nufringen, Württemberg"
"Nürnberg, Bayern"
"Nürnberg, Germany"
"Nürtingen [?], Württemberg"
"Nussbaum, Baden"
Nußdorf
"Nußdorf, Baden"
"Nußdorf, Bayern"
"Nussdorf, Landau, Bayern"
"Nußdorf, Pfalz, Bayern"
"Nussweilerhof [?], Pfalz, Bayern"
"Obenkirch [?], Baden"
"Ober [?], Baden"
"Ober Mingen [?], Hessen"
"Ober Seemen, Hessen"
"Ober Welschenbach, Rheinprovinz [?]"
"Ober Wöllstadt, Hessen"
"Ober-Flörsheim [?], Darmstadt, Hessen"
"Ober-Flörsheim, Darmstadt, Hessen"
"Ober-Ingelheim, Darmstadt, Hessen"
"Ober-Reinspach [?], Erbach, Darmstadt, Hessen"
"Oberasbach, Bayern"
"Oberbauerschaft, Lübbecke, Westfalen"
"Oberbauerschaft, Westfalen"
"Oberbeisheim, Cassel, Hessen-Nassau"
"Oberbeisheim, Hessen-Nassau"
"Oberbeisheim, Homburg, Hessen-Nassau"
"Oberbrechen, Hessen-Nassau [?]"
"Obereschenbach, Bergzabern, Bayern"
"Oberf*[?], Bayern"
"Oberfranken [?], Bayern"
"Oberfranken, Germany [?]"
"Oberfrankenhain, Sachsen [?]"
"Obergünzburg, Obergünzburg, Bayern"
"Oberhausen, Bayern"
"Oberhausen, Pfalz, Bayern"
"Oberhausen, Württemberg"
"Oberheimbach, Rheinprovinz"
"Oberherrnhausen, Bayern"
"Oberhochstadt, Pfalz, Bayern"
"Oberhofen, Aargau, Switzerland"
"Oberhopau [?], Bayern"
"Oberhorst [?], Pfalz, Bayern"
"Oberkaufungen [?], Hessen-Nassau"
Oberkinsbach [?]
"Oberkirch, Baden"
"Oberkirchen [?], Hessen"
"Oberkirchen, Hessen [?]"
"Oberkirchen, Hessen-Nassau"
"Oberkotzau, Bayern"
"Oberkrumbach, Nürnberg, Bayern"
"Oberlichtenberg [?], Pfalz, Bayern"
"Oberluchten, Pfalz, Bayern"
"Obermar [?], Darmstadt, Hessen"
"Obermodere, Niederelsaß [?]"
"Obermodern, Elsaß-Lothringen"
"Obermoschel, Pfalz, Bayern"
"Oberndorf, Baden"
"Oberndorf, Württemberg"
"Oberneubroer, Sachsen-Meiningen"
"Obernkirchen, Hesse-Nassau"
"Obernkirchen, Hessen-Nassau"
"Oberorke, Hessen-Nassau"
"Oberrieden, Hessen-Nassau"
"Oberrode [?], Niederelsass [?]"
"Oberschaf [?], Baden"
"Oberschaffhausen, Baden"
"Oberschefflenz, Baden"
"Oberschefflenz, Mosbach, Baden"
Oberschelp [?]
"Oberschleinitz, Austria [?]"
"Oberschleissheim, Bayern"
"Oberschwaig [?], Pfalz, Bayern"
"Oberschwörstadt, Millerheim [?], Baden"
"Obersrenne, Hessen"
"Oberstade, Westfalen"
"Oberstetten, Germany"
"Obersulzbach, Elsaß-Lothringen"
"Obert*[?], Bayern"
"Oberweißenbach, Bayern"
"Obrigheim, Mosbach, Baden"
"Ochtenthum [?], Preußen"
"Ödelsheim, Hessen-Nassau"
"Odenheim, Baden"
"Oderath [?], Hessen-Nassau"
"Odernheim, Darmstadt, Hessen"
"Oetzsch-Gautzsch, Sachsen (kingdom) [?]"
"Offelterberg [?], Marburg, Hessen-Nassau"
"Offenbach am Main [?], Darmstadt, Hessen"
"Offenburg, Baden"
"Offenel [?], Hannover"
"Offensen, Hannover"
"Offetingen [?], Baden [?]"
"Offnadingen, Baden"
"Offstein, Hessen"
"Öfingen, Baden"
"Ofterdingen, Württemberg"
"Ohmes, Hessen"
"Ölbronn [?], Maulbronn, Württemberg"
"Olden*[?], Hannover"
Oldenburg (grand duchy)
"Oldenburg, Germany"
"Oldendorf bei Borgholzhausen, Lübbecke, Minden, Westfalen"
"Oldendorf, Hannover"
"Oldendorf, Preußen"
"Oldershausen, Hannover"
"Oldesloe, Schleswig-Holstein"
"Olterneude [?], Moringen, Hannover"
"Oltingen, Basel-Landschaft, Switzerland"
"Oppeln, Hannover"
"Oppendorf, Preußen"
"Orgnheim, Bolozen [?], Bayern"
"Örlinghausen, Lippe [?]"
"Örstedt, Schleswig-Holstein"
"Ortshausen, Braunschweig"
"Ösaß, Preußen"
"Öschborn, Höchst [?], Hessen-Nassau [?]"
"Osnabrück (county), Hannover"
"Osnabrück (district), Hannover"
"Osnabrück (district), Hannover [?]"
"Osnabrück, Hannover"
"Ostende, Preußen"
"Ostercappeln, Hannover"
"Osterkappeln, Dissen, Hannover"
"Osterkappeln, Hannover"
"Osterkappeln, Osnabrück, Hannover"
"Ostermoordorf, Ostfriesland, Hannover"
"Osterode, Hannover"
"Österreich [?], Bayern"
"Ostervesede, Hannover"
"Osterwanna, Hannover"
"Ostfriesland (district), Hannover"
"Ostfriesland, [?], Hannover"
"Ostfriesland, Hannover"
"Ostfriesland, Lübbecke [?], Hannover"
"Ostlutter, Hannover"
"Ostprignitz, Brandenburg"
"Östrich, Hessen-Nassau"
"Ostzengnitz [?], Berlin, Brandenburg"
"Ötisheim, Maulbronn, Württemberg"
"Ottenhausen, Württemberg"
"Ottenstein, Braunschweig"
"Otter [?], Hessen"
"Ottersberg, Hannover"
"Ottersburg, Hannover"
"Ottersheim, Pfalz, Bayern"
"Ottersweier, Bühl [?], Baden"
"Ottmarsheim, Württemberg"
"Överingen, Baden"
"Överingen, Hannover"
"Owen/Teck, Kirchheim/Teck, Württemberg"
"Paderborn, Westfalen"
"Pägesheim [?], Baden"
"Pal*[?], Germany"
"Panin [?], Graubünden, Switzerland"
"Pegnitz, Oberfranken, Bayern"
"Peine, Hannover"
"Penzin, Mecklenburg-Schwerin"
"Petershagen, Minden, Westfalen"
"Petershagen, Preußen"
"Petershagen, Westfalen"
"Pfaffenhofen, Elsaß-Lothringen"
"Pfalz (district), Bayern"
"Pfalz (district), Germersheim, Bayern"
"Pfalz (district), Switzerland"
"Pfalz [?], Bayern"
"Pfalz, Bayern"
"Pfalz, Germersheim, Bayern"
"Pfeffingen, Basel Land, Switzerland"
"Pfeiffingen, Pfalz, Bayern"
"Pforzheim, Baden"
"Pfungstadt, Hessen"
"Pichingen [?], Herrenberg, Württemberg"
"Pieffoch [?], Weinsberg, Württemberg"
"Pirmasens, Pfalz, Bayern"
"Platkow, Brandenburg"
"Pleichenhold, Preußen"
"Pliensbach, Württemberg [?]"
"Plobsheim, Elsaß-Lothringen"
"Plüderhausen, Württemberg"
"Poggenhagen [?], Hannover"
"Polkau [?], Sachsen (province)"
"Polling, Bayern"
"Pollingen [?], Preußen"
Pommern
"Poppenhausen, Hessen-Nassau"
Posen (province)
"Potsdam, Brandenburg"
"Prag [?], Böhmen, Austria"
Preußen
"Prien, Bayern"
"Pritzwald, Pommern"
"Pyritz, Pommern"
"Pyritz, Pommern [?]"
"Pyrmont, Waldeck"
"Quedlinburg, Sachsen (province)"
"Quernheim, Preußen"
"Quernheim, Westfalen"
"Quetzen, Minden, Westfalen"
"R [?]hausen [?], Hessen-Nassau"
"Rabber, Hannover"
"Radelau, Schlesien"
"Raden, Lippe, Germany"
"Raden, Preußen"
"Rahden, Minden, Westfalen"
"Rahden, Westfalen"
"Rahden, Westfalen [?]"
"Raibach, Hessen"
"Rammertshofen [?], Württemberg"
"Ramsbeck, Westfalen"
"Ranzin, Pommern"
"Rappenwört [?], Baden"
"Rastatt, Baden"
"Rathshasse [?], Hessen-Nassau"
Ratt [?]
"Raumfleck, Pommern [?]"
"Raunheim, Hessen"
"Rauschenberg, Hessen-Nassau"
"Rebensdorf, Bayern"
"Rebgershausen [?], Waldeck"
"Reckstedt [?], Bayern"
"Reding [?], Bayern"
"Reepsholt, Hannover"
"Reetz, Frankfurt, Brandenburg"
"Reetz, Preußen"
"Regensberg, Bayern"
"Regiemusslegerb [?], Arnsberg, Westfalen [?]"
"Rehden, Diepholz, Hannover"
"Rehme, Westfalen"
"Reichenbach, Baden"
"Reichenhopfen, Kurfursthauthum, Hessen-Nassau"
"Reichertshausen, Neckarsulm, Württemberg"
"Reichlos, Darmstadt, Hessen"
"Reichlos, Hessen"
"Reimlingen, Bayern"
"Reinach [?], Baden"
"Reinbach, Bayern"
"Reinfeld, Schleswig-Holstein"
Reinshausen [?]
"Reis [?], Lebredchteim [?]"
"Reisen [?], Hessen"
Reiss [?]
"Remderoda, Sachsen-Weimar-Eisenach [?]"
"Remscheid, Rheinprovinz"
"Remsfeld, Hessen-Nassau"
"Rendshausen [?], Hessen-Nassau"
"Rengshausen, Hessen-Nassau"
"Rennerod, Hessen-Nassau"
"Rensheim, Hessen"
"Repsholt, Hannover"
"Retten [?], Ostfriesland, Hannover"
"Reusshagen [?], Hessen-Nassau"
"Reuting, Bayern"
"Reutlingen, Württemberg"
"Rezberg [?], Darmstadt, Hessen"
"Rhein, Germany"
"Rheinau [?], Aargau, Switzerland"
"Rheinbischofsheim [?], Baden"
"Rheine, Westfalen"
"Rheinmünster [?], Landau, Pfalz, Bayern"
"Rheinpreussen, Rheinprovinz"
Rheinprovinz
"Rheinshausen, Hessen"
"Rhoden, Waldeck"
"Riedböhringen, Baden"
"Riegen, Bayern"
"Rinteln, Hessen-Nassau"
"Rinteln, Preußen"
"Rissing, Bayern"
"Rittersdorf, Bitburg, Rheinprovinz"
"Rittershausen, Bayern"
"Rittershausen, Hessen-Nassau"
"Rittershausen, Preußen"
"Rockenhausen, Bayern"
"Roda, Sachsen-Altenburg"
"Röddenau, Frankenberg, Hessen-Nassau"
"Röddenau, Hessen-Nassau"
"Rödensdorf, Bayreuth, Bayern"
"Rodewald, Hannover"
"Rodewald, Neustadt, Hannover"
"Rödinghausen, Westfalen [?]"
"Rohburch, Hessen"
"Rohde, Hahberstoll [?], Preußen"
"Rohden, Preußen"
"Röhmke, Schleswig-Holstein [?]"
"Rohracker, Württemberg"
"Rohrbach, Dieburg, Darmstadt, Hessen"
"Rohrbach, Hessen"
"Rohrbach, Rheinprovinz"
"Roitsch, Sachsen (province)"
"Rombach [?], Darmstadt, Hessen"
"Romberg, [?], Westpreußen"
"Romberg, Solingen, Düsseldorf, Rheinprovinz"
"Ronicke [?], Aargau, Switzerland"
"Ronneburg, Sachsen-Altenburg"
"Rosenfeld, Merseburg, Sachsen (province)"
"Rossbach, Pfalz, Bayern"
"Roßendorf, Bayern"
"Rostock, Mecklenburg-Schwerin"
"Roswollen [?], Preußen"
"Rotenburg [?], Hessen-Nassau"
"Rotenburg, Hessen-Nassau"
"Rotenburg, Stade, Hannover"
"Roth [?], Hessen-Nassau"
"Roth, Landau, Pfalz, Bayern"
"Roth, Pfalz, Bayern"
"Rothenberg, Hessen"
"Rothenberg, Hessen-Nassau"
"Rothenfelde, Dissen, Hannover"
"Rothenuffeln, Minden, Westfalen"
"Rothenuffeln, Westfalen"
"Rothheim [?], Bayern"
"Rothwald [?], Neustadt, Hannover"
"Rothwasser, Preußen"
"Rothwasser, Schlesien"
"Rottweil (county), Württemberg"
"Rougigoutte [?], Elsaß-Lothringen"
"Ruabach [?], Pfalz, Bayern"
"Rübach, Hessen"
"Rüblingen, Öhringen, Württemberg"
"Rudersberg, Württemberg"
"Rüdersdorf, Sachsen-Altenburg"
"Rüdesheim [?], Pfalz, Bayern"
"Rüdesheim, Hessen-Nassau"
"Rugenberg [?], Neustadt, Hannover"
"Runzelsand, Germany"
"Runzhausen, Hessen-Nassau"
"Runzhausen, Rosenberg [?], Hessen-Nassau"
"Ruppertsecken, Bayern"
"Rüppurr, Karlsruhe, Baden"
"Rusbend, Bückeburg, Schaumburg-Lippe"
"Rusbend, Schaumburg-Lippe"
"Rust, Baden"
"Saarbrücken, Rheinprovinz"
"Sachsa, Sachsen (province)"
Sachsen (kingdom or province)
Sachsen (kingdom or province) [?]
Sachsen (province)
Sachsen-Altenburg
Sachsen-Coburg-Gotha
Sachsen-Meiningen
Sachsen-Weimar-Eisenach
"Sachsenberg, Waldeck"
"Sachsenhausen [?], Hessen-Nassau"
"Salingen, Westfalen"
"Salzberg, Hessen-Nassau"
"Salzdetfurth [?], Hannover"
"Salzdetfurth, Hannover"
"Salzdip [?], Hannover"
"Salzgitter, Hannover"
"Sandberg, Hessen-Nassau"
"Sandhorst, Hannover"
"Sankt Martin, Pfalz, Bayern"
"Sans [?], Graubünden, Switzerland"
"Sarstedt, Hildesheim [?], Preußen"
"Sattenhausen [?], Hannover"
"Sattenhausen, Göttingen, Hannover"
"Sättermann [?], Preußen"
"Schaafheim, Hessen"
"Schaffhausen, Switzerland"
"Schaffhausen, Swizterland"
"Schafheim, Hessen"
"Schafhof, Württemberg"
"Schafisheim [?], Aargau, Switzerland"
"Schäftersheim, Württemberg"
"Schaidt, Bayern"
"Scharzfeld, Hannover"
Schaumburg-Lippe
"Schaumburg, Hessen-Nassau"
"Scheitzen [?], Bayern"
"Schelitz, Schlesien"
"Schellenbeck [?], Westfalen"
"Schellerten, Hannover"
"Schenklengsfeld, Hessen-Nassau"
"Scheppenhausen [?], Preußen"
"Schiermacht [?], Aargau, Switzerland"
"Schiers, Graubünden, Switzerland"
"Schiersfeld, Obermoschel, Bayern"
"Schifferstadt, Bayern"
"Schildesche [?], Minden, Westfalen"
"Schildesche, Westfalen"
"Schildisch [?], Minden, Westfalen"
"Schinznach, Aargau, Switzerland"
"Schlairdorf [?], Bayern"
"Schlechtbach [?], Germany"
"Schledehausen, Hannover"
"Schledehausen, Osnabrück, Hannover"
Schlesien
Schlesien [?]
Schlesingen [?]
Schleswig-Holstein
"Schleusingen, Sachsen (province)"
"Schlierbach, Hessen"
"Schlitterhausen [?], Osnbabrück, Hannover"
"Schloß Spring [?], Preußen"
"Schlüpelburg [?], Preußen"
"Schmalkalden, Hessen-Nassau"
"Schnathorst, Minden, Westfalen"
"Schnathorst, Westfalen"
"Schney, Bayern"
"Schnufhof [?], Wetzheim [?], Württemberg"
"Schobertsreuth, Bayreuth, Oberfranken, Bayern"
"Schöna, Sachsen (kingdom) [?]"
"Schönau, Damm, Pfalz, Bayern"
"Schönberg, Darmstadt, Hessen"
"Schönberg, Hessen"
"Schönberg, Schleswig-Holstein"
"Schönlind, Kirchenlamitz, Bayern"
"Schönstadt, Marburg, Hessen-Nassau"
"Schönstein, Hessen-Nassau"
"Schordesheim [?], Aargau, Switzerland"
"Schordig [?], Hessen-Nassau"
"Schorfhoff [?], Wetzen [?], Württemberg"
"Schorndorf, Württemberg"
"Schorrentin [?], Mecklenburg-Schwerin"
"Schörtem, Laudgericth, Kuchamt, Bayern"
"Schötmar, Lippe"
"Schrecksbach, Hessen-Nassau"
"Schrenznach [?], Aargau, Switzerland"
"Schreppenhausen [?], Preußen"
"Schreufa, Hessen-Nassau"
"Schrotsberg, Gerabronn, Württemberg"
"Schröttinghausen, Westfalen"
"Schrozberg, Württemberg"
"Schuller/Schüller [?], Germany"
"Schultenwede, Hannover"
"Schürendorf [?], Bayern"
"Schusfloch [?], Runkel, Hessen-Nassau"
"Schutterwald, Baden"
"Schützendorf, Pommern [?]"
"Schützendorf, Stettin, Pommern [?]"
"Schwaan, Mecklenburg-Schwerin"
"Schwabenheim, Darmstadt, Hessen"
"Schwäbisch Hall, Württemberg"
"Schwaigern, Württemberg"
"Schwaikheim, Württemberg"
"Schwanden, Glarus, Switzerland"
"Schwarmstedt, Hannover"
"Schwarz, Hessen"
"Schwarzberg, Bayern"
Schwarzburg-Sondershausen
"Schwarzburg, Germany"
"Schwarzburg, Thüringen"
"Schwarzenmoor, Herford, Westfalen"
"Schwarzenmoor, Westfalen"
"Schweighausen, Elsaß-Lothringen"
"Schweinfurt, Bayern"
"Schwenau, Schleswig-Holstein"
"Schwenda, Gotha, Sachsen"
"Schweningen [?], Mecklenburg"
"Schwepphausen, Hessen"
"Schwerin, Germany"
"Schwerin, Mecklenburg-Schwerin"
"Schwieb [?], [?]"
"Schwieberdingen, Württemberg"
"Schwierich [?], Hessen [?]"
"Seegrehna, Wittenberg, Sachsen (province)"
"Seeheim [?], Hessen"
"Seeland, Germany"
"Segnitz, Bayern"
"Sehlingen, Hannover [?]"
"Seifersbach, Sachsen (kingdom)"
"Seilhofen, Herborn, Hessen-Nassau"
"Seilhofen, Hessen-Nassau"
"Selz, Elsaß-Lothringen"
"Semmesthal [?], Erfurt, Sachsen (province)"
"Senzrich [?], Hannover"
"Severinghausen, Vöhrum, Hannover"
"Sickershausen, Bayern"
"Siebeldingen, Bayern"
"Siebeldingen, Pfalz, Bayern"
"Sieber, Hannover [?]"
"Siegen, Westfalen"
"Sievershausen, Hannover [?]"
"Siftsberg [?], Westfalen"
"Siglingen, Württemberg"
"Sigmarswangen, Sulz, Württemberg"
"Silzberg [?], Elsaß-Lothringen"
"Sindelfingen, Böblingen, Württemberg"
"Sindelfingen, Bollingen, Württemberg"
"Sinsheim, Baden"
"Sipperhausen, Homberg, Hessen-Nassau"
"Sissach, Switzerland"
"Sisseln, St. Gallen, Switzerland"
"Sisslen, St. Gallen, Switzerland"
"Sittensen, Hannover"
"Sittlingen, Bayern"
"Siviez [?], Graubünden, Switzerland"
"Södel, Hessen"
"Soest, Westfalen"
"Söhle, Steinbrück, Hannover [?]"
"Söhren, Hannover"
"Sohsen, Aphendorf, Germany"
"Solingen (district), Rheinprovinz"
"Solingen, Rheinprovinz"
"Solingin, Preußen"
"Söllingen, Baden"
"Söllingen, Durlach, Baden"
"Sollstedt [?], Erfurt, Sachsen (province)"
"Solms, Laubach, Hessen-Nassau"
"Solothurn, Switzerland"
"Solz, Hessen-Nassau"
"Sommerach, Bayern"
"Sommerfeld, Brandenburg"
"Sommerhausen, Unterfranken, Bayern"
"Somplar, Hessen-Nassau"
"Sonderheim, Pfalz, Bayern"
"Sondershausen, Germany"
"Sonsheim [?], Baden [?]"
"Sorau, Brandenburg"
"Soritz [?], Sachsen (kingdom)"
"Sossmar, Hildesheim, Hannover"
"Sothen, Frankfurt/Main, Hessen-Nassau"
"Spaichingen, Württemberg"
"Spange, Hannover [?]"
"Spenge, Herford, Westfalen"
"Spenge, Westfalen"
"Speyer [?], Preußen"
"Speyer, Bayern"
"Spieka, Hannover"
"Spiekershausen, Hessen-Nassau"
"Spielberg, Baden"
"Spieskappel, Ziegenhain, Hessen-Nassau"
"Sprotta, Sachsen (province)"
"Spulheim [?], Preußen"
"St. Gallen (canton), Switzerland"
"St. Gallen, Switzerland"
"Stackhausen, Hessen-Nassau"
"Stade, Hannover"
"Stadt [?], Württemberg"
"Stadthagen, Schaumburg-Lippe"
"Stamm, Butten, Baden"
Standshausen [?]
"Stangenrod, Hessen [?]"
"Steben, Oberfranken, Bayern"
"Stechenbach [?], Bayern"
"Stedten [?], Weimar, Sachsen-Weimar-Eisenach"
"Stein [?], Beltz [?], Baden"
"Stein, Baden"
"Stein, Lotten [?], Baden"
"Steinau [?], Hessen-Nassau"
"Steinbach, Bayern"
"Steinbach, Darmstadt, Hessen"
"Steinbach, Hessen"
"Steinbach, Waldeck"
"Steinfurth, Preußen"
"Steinge, Wölke, Germany"
"Steingruben, Bayern"
"Steinhagen, Halle, [?]"
"Steinhagen, Halle, Minden, Westfalen"
"Steinhagen, Halle, Westfalen"
"Steinhagen, Preußen"
"Steinhagen, Westfalen"
"Steinkunzendorf, Schlesien"
"Steinloch, Bayern"
"Stemmen, Hannover"
"Stemmenreuth, Bayern"
"Stemmer, Westfalen"
"Stengelshausen [?], Württemberg [?]"
"Stengshausen [?], Rotenburg, Hessen-Nassau"
"Sternberg, Lippe"
"Stettin [?], Pommern"
"Stettin, Pommern"
"Steubel, Ostfriesland, Hannover"
"Stickhausen, Hannover"
"Stiftenhöfte [?], Hannover"
"Stiftsberg [?], Herford, Westfalen"
"Stockach [?], Preußen"
"Stockhausen, Hessen-Nassau"
"Stockhausen, Lübbecke, Westfalen"
"Stolzberg [?], Herford, Westfalen"
"Stomberg [?], Preußen"
"Störtum, Schleswig-Holstein [?]"
"Stossberg, Bayern"
Stothbach [?]
"Stötteritz, Leipzig, Sachsen (kingdom)"
"Straaberg [?], Bayern"
"Straßburg, Germany"
"Strassenheim [?], Baden"
"Strengelbach, Aargau, Switzerland"
"Strheingen [?], Hessen"
"Stromberg, Hessen-Nassau"
"Stromberg, Preußen"
"Strümpfelbach, Waiblingen, Württemberg"
"Strümpfelbrunn, Baden"
"Stuckenrodt [?], Westfalen"
"Stumpfelbrenn, Baden"
"Stuttgart (district), Württemberg"
"Stuttgart, Württemberg"
"Stutzenklinge [?], Württemberg"
"Süderwalsede, Hannover"
"Südfeld, Hannover"
"Südhemmern, Minden, Westfalen"
"Südhemmern, Westfalen"
"Suhl, Sachsen (province)"
"Suhl, Schleusingen [?], Sachsen (province)"
"Suhren, Aargau, Switzerland"
"Sulingen, Hannover"
"Sulz, Weinheim, Baden"
"Sulz, Württemberg"
"Sulz. Neckar, Württemberg"
"Sulzbach, Baden"
"Sulzbach, Bayern"
"Sulzbach, Gernsbach, Gernsbach, Baden"
"Sulzbach, Gerosbach [?], Baden"
"Sulzbach, Mosbach, Baden"
"Sulzbach, Neckar, Württemberg"
"Sulzbach, Spitsdorf [?], Württemberg"
"Sulzbach, Württemberg"
"Sumpler [?], Hessen-Nassau"
"Süppingen [?], Württemberg"
"Sürst, Rheinprovinz [?]"
Susanna Kibutz
Switerland
Switzerland
Tagersheim [?]
"Tannenhausen, Hannover"
"Taucha, Sachsen (kingdom or province)"
"Tecklenburg (district), Westfalen"
"Tecklenburg, Münster, Westfalen"
"Tecklenburg, Westfalen"
"Teglingen, Hannover"
"Telsberg, Bierstein, Hessen-Nassua [?]"
"Ternau [?], Mühlhausen, Preußen"
"Teschendorf, Pommern"
"Teschendorf, Preußen"
"Thalitter, Hessen-Nassau"
"Thamsbrück [?], Erfurt, Sachsen-Meiningen"
"Thebau [?], Aarau, Switzerland"
"Theenhausen, Westfalen"
"Thiede, Braunschweig"
"Thonex [?], Glarus, Switzerland"
"Thorleken, Germany"
"Thüdinghausen, Hannover"
"Thuemesheim [?], Baden"
"Thun, Bern, Switzerland"
"Thüre [?], Bayern"
"Thurgau (canton), Switzerland"
Thüringen
"Tilsit, Ostpreußen"
"Tischdorf, Posen"
"Tischendorf, Fürstenthum, Preußen [?]"
"Tischendorf, Sachsen-Weimar-Eisenach"
"Tischendorf, Wurzbach, [?], Sachsen-Weimar-Eisenach"
"Todtenhausen, Westfalen"
"Tondern, Schleswig-Holstein"
"Torah [?], Preußen"
"Toretberg [?], Düsseldorf, Rheinprovinz"
"Torgau, Preußen"
"Tovens [?], Graubünden, Switzerland"
"Trasadingen [?], Schaffhausen, Switzerland"
"Trier, Rheinprovinz"
"Trippstadt, Bayern"
"Tübingen, Württemberg"
"Tüllingen, Baden [?]"
"Tüpenheim, Elsaß-Lothringen"
"Tuttingen [?], Württemberg"
"Twiste, Waldeck"
"Tyrol, Germany"
"Ubbedissen-Lippe, Minden, Westfalen [?]"
"Überach, Elsaß-Lothringen"
"Überlingen, Baden"
"Uchte, Hannover"
"Uffeln, Minden, Westfalen"
"Ullersricht [?], Bayern"
"Umstadt, Hessen"
"Unfriedsdorf, Oberfranken, Bayern"
"Unter [?], Suhr [?]"
"Unter-Ostern, Darmstadt, Hessen"
"Unterellen, Sachsen-Weimar-Eisenach [?]"
"Untergolu, Dolenje Golo, Austria [?]"
"Unterlöwe [?], Bergkirchen, Westfalen [?]"
"Unterrodach, Oberfranken, Bayern"
"Untersuhl, Sachsen-Weimar-Eisenach"
"Unterwald [?], Switzerland"
"Unterwald, Switzerland [?]"
"Unzhurst, Baden"
"Uppingen, Ostfriesland, Hannover"
"Urach, Urach, Württemberg"
"Urach, Württemberg"
"Urbau, Bayern"
"Urige [?], Preußen"
"Urloffen, Baden"
"Uschlag, Hannover"
"Usingen, Hessen-Nassau"
"Vachringen [?], Enz [?], Württemberg"
"Vaihingen, Württemberg"
"Valme, Westfalen [?]"
"Varel, Oldenburg"
"Vaschville [?], Germany [?]"
"Vechelde (county), Braunschweig"
"Vechelde, Braunschweig"
"Veckerhagen, Cassel, Hessen-Nassau"
"Vegesack, Bremen"
"Vehrte, Hannover"
"Veitlahm, Bayern"
"Veneburg [?], Hannover"
"Venne, Osnabrück, Hannover [?]"
"Venneburg [?], Hannover"
"Verden, Hannover"
"Versmold [?], Westfalen"
"Versmold, Minden, Westfalen"
"Versmold, Westfalen"
"Vierfild [?], Württemberg"
"Vierschorch [?], Sachsen-Meiningen"
"Vilbel, Frank [?], Hessen"
"Villingen, Darmstadt, Hessen"
"Villingen, Hessen"
"Vindfels [?], Württemberg"
"Vogelbach, Baden"
"Vogelsberg, Sachsen-Weimar-Eisenach"
"Vöhl, Giessen, Hessen [?]"
"Vöhl, Hessen-Nassau"
"Vohren, Hannover"
"Vöhringen, Sulz, Württemberg"
"Vöhringen, Württemberg"
"Vol [?], Darmstadt, Hessen"
"Völker [?], Hannover [?]"
"Volkmannsdorf [?], Sachsen-Meiningen"
"Vollbötzberg [?], Aargau, Switzerland"
"Vollenbruck, Westerholz [?], Hannover [?]"
"Vollrath, Burschhohsheim, Germany"
"Vörden, Osnabrück, Hannover"
"Vörstetten, Baden"
"Vulter [?], Hessen"
"Wachenheim, Bayern"
"Wachenheim, Pfalz, Bayern"
"Wachholderbusch, Bayern"
"Wagenfeld, Hannover"
"Wahlen, Hessen"
"Waiblingen, Württemberg"
"Waldbach, Württemberg"
"Waldeck (county) [?], Germany"
Waldeck (principality)
"Waldeck, Germany"
"Waldeck, Württemberg [?]"
"Walderbrink [?], Hessen-Nassau"
"Waldfisch, Meiningen, Sachsen-Meiningen [?]"
"Wales [?], Baden [?]"
"Wallenbrück, Minden, Westfalen"
"Wallenbrück, Westfalen"
"Wallücke, Minden, Westfalen"
"Walprechtsweiler, Baden"
"Walsrode, Hannover"
"Waltersbrück, Hessen-Nassau"
"Waltershausen [?], Gotha, Sachsen-Coburg-Gotha"
"Waltershausen, Germany [?]"
"Walxheim, Württemberg"
"Warnke [?], Mecklenburg"
"Wartenberg, Schlesien"
"Wasenschwende [?], Baden"
"Wassing, Bayern"
"Wechtenbach [?], Pfalz, Bayern"
"Wede [?], [?], Preußen"
"Wefensleben, Sachsen (province)"
"Wega, Waldeck"
"Wegner [?], Preußen"
"Wehdem, Lübbecke, Westfalen"
"Wehdem, Minden, Westfalen"
"Wehdem, Rahden, Lübbecke, Westfalen"
"Wehdem, Westfalen"
"Wehlheiden, Hessen-Nassau"
"Wehrden, Westfalen [?]"
"Wehrheim, Hessen-Nassau"
"Weichersbach [?], Hessen-Nassau"
"Weier, Hessen-Nassau [?]"
"Weigertsheim [?], Grünberg, Hessen"
"Weiher, Hessen-Nassau"
"Weihl [?], Bayern"
"Weiler [?], Germany"
"Weilke [?], Preußen"
"Weingarten, Bayern"
"Weingarten, Pfalz, Bayern"
"Weinheim [?], Baden"
"Weinheim, Baden"
"Weisbach, Baden"
"Weißbach, Württemberg"
"Weißenberg, Elsaß-Lothringen"
"Weißenberg, Hannover"
"Weissmillen [?], Baden"
"Weistropp, Sachsen (province) [?]"
"Weisweil, Kenzingen, Baden"
"Weisweil, Wenzingen, Baden"
"Wellenberg [?], Hannover"
"Wellingholzhausen, Hannover"
"Wellsinn [?], Bayern"
"Weltersbach, Pfalz, Bayern"
"Wenden, Braunschweig"
"Wenden, Hannover"
"Wendershausen, Hessen-Nassau"
"Wendorf, Germany"
"Wendthagen, [?], Schaumburg-Lippe"
"Wenings, Büdingen [?], Hessen"
"Wenings, Büdingen, Darmstadt, Hessen"
"Wenings, Hessen"
"Wenthe [?], Preußen"
"Wenzel [?], Oberndorf, Germany"
"Werda, Germany"
"Werda, Schlesien"
"Werdau, Sachsen (kingdom or province) [?]"
"Werde, Preußen"
"Werde, Westfalen"
"Werdenberg, St. Gallen, Switzerland"
"Werdorf, Rheinprovinz"
"Wernberg, Bayern"
"Werninghausen, Westfalen"
"Werningshausen, Sachsen-Coburg-Gotha"
"Werre [?], Waldeck"
"Werschau, Hessen-Nassau"
"Wersheim [?], Hessen"
"Werther, Germany"
"Werther, Minden, Westfalen"
"Werther, Preußen"
"Wesati [?], Tecklenburg, Westfalen"
"Wesel, Germany"
"Wesel, Preußen"
"Wesenberg, Mecklenburg-Schwerin"
"Wesenberg, Mecklenburg-Schwerin [?]"
"Wesenberger, Mecklenburg-Strelitz"
"Westbarthausen, Halle, Westfalen"
"Westendorf [?], Hannover"
"Westendorf [?], Hannover [?]"
"Westendorf, Hannover [?]"
"Wester/Oldendorf [?], Germany"
"Westerkappeln, Tecklenburg, Münster, Westfalen"
"Westerkappeln, Tecklenburg, Westfalen"
"Westerkappeln, Westfalen"
"Westeroldendorf, Osnabrück, Hannover"
Westfalen
Westfalen May [?]
"Westfriesland, Lewalen [?], Germany"
"Westit [?], Hannover"
"Westrup, Lübbecke, Westfalen"
"Westrup, Minden, Westfalen"
"Westrup, Preußen"
"Westrup, Wehdem, Minden, Westfalen"
"Westrup, Westfalen"
"Wetersbach, Pfalz, Bayern"
"Wethen [?], Waldeck"
"Wetman [?], Hannover"
"Wettensen, Göttingen, Hannover"
"Wetter, Hessen-Nassau"
"Wettersdorf, Sachsen (kingdom)"
"Wettesingen, Hessen-Nassau"
"Wettingen, Hannover"
"Widflock [?], Berlin, Brandenburg"
"Wiebald, Thören [?], Hannover [?]"
"Wiebelsheim [?], Bayern"
"Wiebukberg, Hessen-Nassau"
"Wiedarau, Sachsen (province)"
"Wiederau, Sachsen (kingdom or province)"
"Wiederstein, Westfalen"
"Wiegenau [?], Tecklenburg, Westfalen"
"Wiehe, Preußen"
"Wien [?], Sachsen"
"Wiesbaden [?], Hessen-Nassau"
"Wiesbaden, Hessen-Nassau"
"Wiesederfehn, Hannover"
"Wiesenfeld/Wiesentfels, Bayern"
"Wiesthal, Bayern"
"Wilberg, Minden, Westfalen"
"Wildberg, Freudenstadt, Württemberg"
"Wilde, Baden [?]"
"Willen, Waldeck"
"Willhausen [?], Waldeck"
"Willmandingen, Reutlingen, Württemberg"
"Wilshausen, Germany"
"Wilstedt, Preußen"
"Wimpfen, Hessen"
"Windach [?], Hessen-Nassau"
"Windecken, Hanau, Hessen-Nassau"
"Windecken, Hessen-Nassau"
"Winden, Pfalz, Bayern"
"Windheim, Westfalen"
"Wintersweiler, Baden"
"Wintzen, Rheinprovinz [?]"
"Winzeln, Bayern"
"Winzeln, Oberndorf, Württemberg"
"Winzeln, Württemberg"
"Winzeln, Zweibrücken, Bayern"
Winzigerode [?]
"Winzingen [?], Pfalz, Bayern"
"Winzlar, Hannover"
"Wira [?], Hessen-Nassau"
"Wirki, Posen"
"Wising [?], Tyrot [?]"
"Witt*[?], Hessen-Nassau"
"Wittgenstein, Westfalen"
"Wittlage [?], Hannover"
"Wittstock, Preußen"
"Witzenhausen, Hessen-Nassau"
"Wohld, Schleswig-Holstein"
"Wohlde, Schleswig-Holstein"
"Wohnsteph [?], Hessen-Nassau"
"Wöhren [?], Hannover"
"Wolde [?], Hessen-Nassau"
"Woldegk, Mecklenburg-Strelitz"
"Woldersbrik [?], Hessen-Nassau"
"Wolfenbüttel, Braunschweig"
"Wolfersheim [?], Bern, Switzerland"
"Wolfstein, Bayern"
"Wolfstein, Pfalz, Bayern"
"Wolkramshausen, Nordhausen, Erfurt, Sachsen (province)"
"Wollbrink [?], Herford, Westfalen"
"Wölpe, Hannover"
"Woltwiesche, Braunschweig"
"Wombsgang [?], Bayern"
"Worgensheim, Hessen-Nassau"
"Worms, Hessen"
"Wörsbach [?], Reusch [?], Bayern"
"Wossen [?], Rheinprovinz"
"Wotho, Herford [?], Westfalen"
"Wrescherode, Braunschweig"
"Wunhoff [?], Hannover [?]"
"Wunstorf, Hannover"
"Würming, Elsaß-Lothringen"
Württemberg
Württemberg [?]
"Wurzbach, Germany [?]"
"Würzburg, Bayern"
"Wust [?], Weinsberg [?]"
"Wüste, Preußen"
"Wüsten, Lippe"
"Zabern, Elsaß-Lothringen"
"Zadrau, Hannover"
"Zagangs [?], Mähren"
"Zaisenhausen [?], Baden"
"Zapfendorf, Bayern"
"Zeiskam, Bayern"
"Zeiskam, Pfalz, Bayern"
"Zeitz, Sachsen (kingdom or province)"
"Zell, Württemberg"
"Zellerfeld Harz, Hildesheim, Hannover"
"Zempelburg, Westpreußen"
"Zettlitz, Bayern"
"Zeugehauserhof [?], Württemberg"
"Ziegenhain, Hessen-Nassau"
"Ziegenhals, Preußen"
"Zinge [?], Bielefeld, Westfalen"
"Zinterwalden [?], Switzerland [?]"
"Zirbeck, Germany"
"Zirelshofen [?], Württemberg"
"Zissendorf, Freystadt, Schlesien"
"Zissendorf, Freystadt, Schliesen"
"Zozen [?], Goldbeck, Germany"
"Zürich (canton), Switzerland"
"Zürich, Switzerland"
"Zürich, Switzerland [?]"
"Zusenhofen, Baden"
"Zutzendorf, Elsaß-Lothringen"
"Zweibrücken, Bayern"
"Zweibrücken, Germany"
"Zwickau, Sachsen (kingdom)"
"Zwingenberg, Darmstadt, Hessen"
"Zwingenberg, Hessen"