GIACR,German Orthography 1,German Orthography 2,Formats,Notes,Source
Achelpohl,Achelpohl,,1,,
Ackermann,Ackermann,,1,,
Adem,Adem,,1,,
Aden,Aden,,1,,
Ahlbrand,Ahlbrand,,1,,
Ahlemeier,Ahlemeier,,1,,
Ahner,Ahner,,1,,
Ahrens,Ahrens,,1,,
Aichele,Aichele,,1,,
Albrecht,Albrecht,,1,,
Alewel,Alewel,,1,,
Allenderfer,Allenderfer,,1,,
Altenhoehner,Altenhöhner,,1,,
Althoff,Althoff,,1,,
Anderson,Anderson,,1,,
Andrahen,Andrahen,,1,,
Angerer,Angerer,,1,,
Appel,Appel,,1,,
Arkebauer,Arkebauer,,1,,
Armbruester,Armbrüster,,1,,
Armgart,Armgart,,1,,
Armsmeier,Armsmeier,,1,,
Aufderheide,Aufderheide,,1,,
Backhaus,Backhaus,,1,,
Baehner,Bähner,,1,,
Bahren,Bahren,,1,,
Baierlein,Baierlein,,1,,
Ballmeier,Ballmeier,,1,,
Bardeleben,Bardeleben,,1,,
Barklage,Barklage,,1,,
Barmeier,Barmeier,,1,,
Barth,Barth,,1,,
Bauer,Bauer,,1,,
Baujeu,Baujeu,,1,,
Baumann,Baumann,,1,,
Baumbach,Baumbach,,1,,
Baumeister,Baumeister,,1,,
Baurichler,Baurichler,,1,,
Bauswein,Bauswein,,1,,
Bechtler,Bechtler,,1,,
Beck,Beck,,1,,
Becker,Becker,,1,,
Beckmann,Beckmann,,1,,
Behmer,Behmer,,1,,
Behn,Behn,,1,,
Behrens,Behrens,,1,,
Behrmann,Behrmann,,1,,
Beimdiek,Beimdiek,,1,,
Beimer,Beimer,,1,,
Bekemeier,Bekemeier,,1,,
Beldsmeier,Beldsmeier,,1,,
Bemer,Bemer,,1,,
Bemerkempen,Bemerkempen,,1,,
Bende,Bende,,1,,
Bender,Bender,,1,,
Benner,Benner,,1,,
Berg,Berg,,1,,
Bergmann,Bergmann,,1,,
Berkham,Berkham,,1,,
Bernhard,Bernhard,,1,,
Berning,Berning,,1,,
Bethke,Bethke,,1,,
Beuer,Beuer,,1,,
Billen,Billen,,1,,
Bindebeute,Bindebeute,,1,,
Birkmann,Birkmann,,1,,
Bischoff,Bischoff,,1,,
Bisker,Bisker,,1,,
Bitter,Bitter,,1,,
Bitterberg,Bitterberg,,1,,
Blake,Blake,,1,,
Blank,Blank,,1,,
Blomenkamp,Blomenkamp,,1,,
Blume,Blume,,1,,
Blummeier,Blummeier,,1,,
Bockelmann,Bockelmann,,1,,
Bodemann,Bodemann,,1,,
Boehme,Böhme,,1,,
Boehmer,Böhmer,,1,,
Boening,Böning,,1,,
Boettcher,Böttcher,,1,,
Boetting,Bötting,,1,,
Bogenpohl,Bogenpohl,,1,,
Bohling,Bohling,,1,,
Bohn,Bohn,,1,,
Bohner,Bohner,,1,,
Boismann,Boismann,,1,,
Bollmann,Bollmann,,1,,
Borbein,Borbein,,1,,
Borcherding,Borcherding,,1,,
Borgelds,Borgelds,,1,,
Borges,Borges,,1,,
Borgmann,Borgmann,,1,,
Borgmeier,Borgmeier,,1,,
Born,Born,,1,,
Borse,Borse,,1,,
Bosselmann,Bosselmann,Boßelmann,2,,
Bragen,Bragen,,1,,
Brakmann,Brakmann,,1,,
Brand,Brand,,1,,
Brandau,Brandau,,1,,
Brande,Brande,,1,,
Brandes,Brandes,,1,,
Brandt,Brandt,,1,,
Brauksicker,Brauksicker,,1,,
Braun,Braun,,1,,
Braunmueller,Braunmüller,,1,Taken from Wikipedia.org,Link
Braunsch,Braunsch,,1,,
Brede,Brede,,1,,
Bredemeier,Bredemeier,,1,,
Bredenstiner,Bredenstiner,,1,,
Breiting,Breiting,,1,,
Breitkopf,Breitkopf,,1,,
Breitschule,Breitschule,,1,,
Brinkhof,Brinkhof,,1,,
Brinkmann,Brinkmann,,1,,
Brinkmeier,Brinkmeier,,1,,
Britschuh,Britschuh,,1,,
Brockschmidt,Brockschmidt,,1,,
Brogle,Brogle,,1,,
Brokmeier,Brokmeier,,1,,
Bruder,Bruder,,1,,
Brueggemann,Brüggemann,,1,,
Bruening,Brüning,,1,,
Brutschi,Brutschi,,1,,
Buchda,Buchda,,1,,
Buchta,Buchta,,1,,
Budde,Budde,,1,,
Buenger,Bünger,,1,,
Bull,Bull,,1,,
Bullert,Bullert,,1,,
Bullinger,Bullinger,,1,,
Bunger,Bunger,,1,,
Burcheding,Burcheding,,1,,
Burmeister,Burmeister,,1,,
Buschmann,Buschmann,,1,,
Carstens,Carstens,,1,,
Christmann,Christmann,,1,,
Christoph,Christoph,,1,,
Clamus,Clamus,,1,,
Claus,Claus,,1,,
Conrad,Conrad,,1,,
Cornelius,Cornelius,,1,,
Coy,Coy,,1,,
Dammmeier,Dammmeier,,1,,
Dassler,"Dassler, Daßler",,1,,
Demme,Demme,,1,,
Depen,Depen,,1,,
Depenthal,Depenthal,,1,,
Detert,Detert,,1,,
Dickhardt,Dickhardt,,1,,
Dickmeier,Dickmeier,,1,,
Didgemeier,Didgemeier,,1,,
Diemann,Diemann,,1,,
Diemer,Diemer,,1,,
Dierker,Dierker,,1,,
Dierking,Dierking,,1,,
Dieterich,Dieterich,,1,,
Dietrich,Dietrich,,1,,
Dillik,Dillik,,1,,
Doerfler,Dörfler,,1,,
Doering,Döring,,1,,
Doorn,Doorn,,1,,
Dorge,Dorge,,1,,
Dornseif,Dornseif,,1,,
Dremann,Dremann,,1,,
Dres,Dres,,1,,
Dressing,Dreßing,,1,,
Drosing,Drosing,,1,,
Droste,Droste,,1,,
Druger,Druger,,1,,
Duenkel,Dünkel,,1,,
Dulli,Dulli,,1,,
Dunkmann,Dunkmann,,1,,
Ebeling,Ebeling,,1,,
Eberhard,Eberhard,,1,,
Ebers,Ebers,,1,,
Eggers,Eggers,,1,,
Eigenbrod,Eigenbrod,,1,,
Elbrecht,Elbrecht,,1,,
Elisabeth,Elisabeth,,1,,
Endebrock,Endebrock,,1,,
Engelmann,Engelmann,,1,,
Englbrecht,Englbrecht,,1,,
Erbe,Erbe,,1,,
Erk,Erk,,1,,
Ermentraut,Ermentraut,,1,,
Ernst,Ernst,,1,,
Esser,"Esser, Eßer",,1,,
Ewald,Ewald,,1,,
Faben,Faben,,1,,
Fahlbosch,Fahlbosch,,1,,
Fahrenbach,Fahrenbach,,1,,
Fahrtmann,Fahrtmann,,1,,
Faig,Faig,,1,,
Fangmann,Fangmann,,1,,
Fathmann,Fathmann,,1,,
Faust,Faust,,1,,
Feder,Feder,,1,,
Fick,Fick,,1,,
Fischer,Fischer,,1,,
Fleck,Fleck,,1,,
Fleer,Fleer,,1,,
Flehr,Flehr,,1,,
Fleischmann,Fleischmann,,1,,
Flesch,Flesch,,1,,
Flor,Flor,,1,,
Flottmann,Flottmann,,1,,
Foehr,Föhr,,1,,
Foelker,Fölker,,1,,
Frai,Frai,,1,,
Franke,Franke,,1,,
Fray,Fray,,1,,
Frecksmeier,Frecksmeier,,1,,
Fredemann,Fredemann,,1,,
Frederking,Frederking,,1,,
Frei,Frei,,1,,
Freischlag,Freischlag,,1,,
Frerking,Frerking,,1,,
Freund,Freund,,1,,
Frey,Frey,,1,,
Friedrich,Friedrich,,1,,
Fritsch,Fritsch,,1,,
Froehlich,Fröhlich,,1,,
Frohberg,Frohberg,,1,,
Fruechtnicht,Früchtnicht,,1,,
Fuerhof,Fürhof,,1,,
Fulte,Fulte,,1,,
Funk,Funk,,1,,
Gabriel,Gabriel,,1,,
Garmontt,Garmontt,,1,,
Gast,Gast,,1,,
Gebhardt,Gebhardt,,1,,
Gehner,Gehner,,1,,
Gehners,Gehners,,1,,
Gehrings,Gehrings,,1,,
Geller,Geller,,1,,
Gerbig,Gerbig,,1,,
Gerhard,Gerhard,,1,,
Gerken,Gerken,,1,,
Germer,Germer,,1,,
Gickens,Gickens,,1,,
Gieselmann,Gieselmann,,1,,
Giesemann,Giesemann,,1,,
Giesselmann,Gießelmann,,1,,
Gilbert,Gilbert,,1,,
Gildmeier,Gildmeier,,1,,
Glids,Glids,,1,,
Gliesemann,Gliesemann,,1,,
Goebel,Göbel,,1,,
Goehring,Göhring,,1,,
Goessling,Gößling,,1,,
Goethlin,Göthlin,,1,,
Goettjen,Göttjen,,1,,
Gollwitzer,Gollwitzer,,1,,
Gorath,Gorath,,1,,
Gorg,Gorg,,1,,
Grabemann,Grabemann,,1,,
Graf,Graf,,1,,
Grager,Grager,,1,,
Grammann,Grammann,,1,,
Grannemann,Grannemann,,1,,
Gratz,Gratz,,1,,
Grau,Grau,,1,,
Grauben,Grauben,,1,,
Grebe,Grebe,,1,,
Gredy,Gredy,,1,,
Grimm,Grimm,,1,,
Gronefeld,Gronefeld,,1,,
Groppel,Groppel,,1,,
Grosse,Große,,1,,
Grote,Grote,,1,,
Grueling,Grüling,,1,,
Gruenkemeier,Grünkemeier,,1,,
Gruner,Gruner,,1,,
Guenther,Günther,,1,,
Guesstfeld,Güßfeld,,1,,
Haas,Haas,,1,,
Haas,Haas,,1,,
Haas,Haas,,1,,
Haeckel,Häckel,,1,,
Haehnlein,Hähnlein,,1,,
Haendel,Händel,,1,,
Haesemeyer,Häsemeyer,,1,,
Haeublein,Häublein,,1,,
Hagedorn,Hagedorn,,1,,
Hagemann,Hagemann,,1,,
Hahn,Hahn,,1,,
Hahn,Hahn,,1,,
Hake,Hake,,1,,
Hakemann,Hakemann,,1,,
Hallemeier,Hallemeier,,1,,
Hallenberg,Hallenberg,,1,,
Hamann,Hamann,,1,,
Hamfelder,Hamfelder,,1,,
Hammer,Hammer,,1,,
Hammersen,Hammersen,,1,,
Hammez,Hammez,,1,,
Hampe,Hampe,,1,,
Haneisen,Haneisen,,1,,
Hannfelder,Hannfelder,,1,,
Hannsen,Hannsen,,1,,
Hansjuergen,Hansjürgen,,1,,
Harless,Harleß,,1,,
Harmeren,Harmeren,,1,,
Harms,Harms,,1,,
Harnagel,Harnagel,,1,,
Harre,Harre,,1,,
Hartung,Hartung,,1,,
Hassfurther,Haßfurther,,1,,
Hattmann,Hattmann,,1,,
Haueisen,Haueisen,,1,,
Hauser,Hauser,,1,,
Hebern,Hebern,,1,,
Heddrich,Heddrich,,1,,
Hegemaier,Hegemaier,,1,,
Hehmann,Hehmann,,1,,
Hehnholz,Hehnholz,,1,,
Heid,Heid,,1,,
Heidenreich,Heidenreich,,1,,
Heidland,Heidland,,1,,
Heidland,Heidland,,1,,
Heim,Heim,,1,,
Heimbrok,Heimbrok,,1,,
Heine,Heine,,1,,
Heinecke,Heinecke,,1,,
Heineke,Heineke,,1,,
Heinemann,Heinemann,,1,,
Heinig,Heinig,,1,,
Heinkel,Heinkel,,1,,
Heintzemann,Heintzemann,,1,,
Heinz,Heinz,,1,,
Heinz,Heinz,,1,,
Heischke,Heischke,,1,,
Held,Held,,1,,
Hellge,Hellge,,1,,
Henke,Henke,,1,,
Henn,Henn,,1,,
Henning,Henning,,1,,
Hense,Hense,,1,,
Hensick,Hensick,,1,,
Hepple,Hepple,,1,,
Herget,Herget,,1,,
Hermann,Hermann,,1,,
Hermuting,Hermuting,,1,,
Herold,Herold,,1,,
Hertaus,Hertaus,,1,,
Herwig,Herwig,,1,,
Heugle,Heugle,,1,,
Heusner,Heusner,,1,,
Hinrichs,Hinrichs,,1,,
Hintebrock,Hintebrock,,1,,
Hirschmann,Hirschmann,,1,,
Hiske,Hiske,,1,,
Hoehn,Höhn,,1,,
Hoehnefeld,Höhnefeld,,1,,
Hoelzel,Hölzel,,1,,
Hoepfner,Höpfner,,1,,
Hoermann,Hörmann,,1,,
Hoffman,Hoffman,,1,,
Hoffmann,Hoffmann,,1,,
Hogendahl,Hogendahl,,1,,
Hohlt,Hohlt,,1,,
Holl,Holl,,1,,
Hollaender,Holländer,,1,,
Holle,Holle,,1,,
Holz,Holz,,1,,
Holzkamp,Holzkamp,,1,,
Hoppe,Hoppe,,1,,
Horstmann,Horstmann,,1,,
Horter,Horter,,1,,
Hottes,Hottes,,1,,
Huber,Huber,,1,,
Huecker,Hücker,,1,,
Huis,Huis,,1,,
Huntebrinker,Huntebrinker,,1,,
Husemann,Husemann,,1,,
Huth,Huth,,1,,
Isensee,Isensee,,1,,
Jaeck,Jäck,,1,,
Jaeger,Jäger,,1,,
Jahreis,Jahreis,,1,,
Johannes,Johannes,,1,,
Juch,Juch,,1,,
Jung,Jung,,1,,
Kaemper,Kämpfer,,1,,
Kaesemann,Käsemann,,1,,
Kahl,Kahl,,1,,
Kahlbaum,Kahlbaum,,1,,
Kahle,Kahle,,1,,
Kaiser,Kaiser,,1,,
Kalb,Kalb,,1,,
Kallowe,Kallowe,,1,,
Kaltwasser,Kaltwasser,,1,,
Kamp,Kamp,,1,,
Kansteiner,Kansteiner,,1,,
Kassel,Kassel,,1,,
Kasten,Kasten,,1,,
Kastrup,Kastrup,,1,,
Katzung,Katzung,,1,,
Kaupmann,Kaupmann,,1,,
Kehm,Kehm,,1,,
Keil,Keil,,1,,
Kemper,Kemper,,1,,
Kerding,Kerding,,1,,
Kerls,Kerls,,1,,
Kern,Kern,,1,,
Kesemann,Kesemann,,1,,
Kesten,Kesten,,1,,
Keston,Keston,,1,,
Kettler,Kettler,,1,,
Kiefner,Kiefner,,1,,
Kienker,Kienker,,1,,
Kienzle,Kienzle,,1,,
Kiesling,Kiesling,,1,,
Kimmel,Kimmel,,1,,
Kindermann,Kindermann,,1,,
Klaus,Klaus,,1,,
Klein,Klein,,1,,
Kleinen,Kleinen,,1,,
Kleinschmidt,Kleinschmidt,,1,,
Klie,Klie,,1,,
Kliern,Kliern,,1,,
Klingelhoefer,Klingelhöfer,,1,,
Klos,Klos,,1,,
Kluge,Kluge,,1,,
Klute,Klute,,1,,
Knapp,Knapp,,1,,
Knecht,Knecht,,1,,
Knemeier,Knemeier,,1,,
Kniess,Knieß,,1,,
Knollmann,Knollmann,,1,,
Kobusch,Kobusch,,1,,
Koch,Koch,,1,,
Koch,Koch,,1,,
Koecher,Köcher,,1,,
Koehler,Köhler,,1,,
Koelling,Kölling,,1,,
Koenemann,Könemann,,1,,
Koenig,König,,1,,
Koeppen,Köppen,,1,,
Koerzdoerfer,Körzdörfer,,1,,
Koester,Köster,,1,,
Koetz,Kötz,,1,,
Kohlmeier,Kohlmeier,,1,,
Kohlz,Kohlz,,1,,
Kohnle,Kohnle,,1,,
Kohring,Kohring,,1,,
Kohtz,Kohtz,,1,,
Kolass,Kolaß,,1,,
Konitz,Konitz,,1,,
Korden,Korden,,1,,
Korfhage,Korfhage,,1,,
Kortmeyer,Kortmeyer,,1,,
Kostete,Kostete,,1,,
Kostfeld,Kostfeld,,1,,
Kraatz,Kraatz,,1,,
Kracht,Kracht,,1,,
Kraemer,Krämer,,1,,
Krallmann,Krallmann,,1,,
Krannemann,Krannemann,,1,,
Krause,Krause,,1,,
Krekel,Krekel,,1,,
Krenning,Krenning,,1,,
Kreye,Kreye,,1,,
Krietemeier,Krietemeier,,1,,
Krohne,Krohne,,1,,
Kruempfer,Krümpfer,,1,,
Krummholz,Krummholz,,1,,
Krumwiede,Krumwiede,,1,,
Kruse,Kruse,,1,,
Kuech,Küch,,1,,
Kueck,Kück,,1,,
Kuethe,Küthe,,1,,
Kugelan,Kugelan,,1,,
Kuhlenbeck,Kuhlenbeck,,1,,
Kuhn,Kuhn,,1,,
Kummer,Kummer,,1,,
Kumpf,Kumpf,,1,,
Kunz,Kunz,,1,,
Kuper,Kuper,,1,,
Kurz,Kurz,,1,,
Lache,Lache,,1,,
Laetsch,Lätsch,,1,,
Lager,Lager,,1,,
Lambersiek,Lambersiek,,1,,
Lammert,Lammert,,1,,
Lamperich,Lamperich,,1,,
Landwehr,Landwehr,,1,,
Lang,Lang,,1,,
Lang,Lang,,1,,
Langbein,Langbein,,1,,
Lange,Lange,,1,,
Langenbach,Langenbach,,1,,
Langewisch,Langewisch,,1,,
Lauenstein,Lauenstein,,1,,
Lause,Lause,,1,,
Lechtermann,Lechtermann,,1,,
Lehmann,Lehmann,,1,,
Lehne,Lehne,,1,,
Leimkuehler,Leimkühler,,1,,
Leker,Leker,,1,,
Lemp,Lemp,,1,,
Leonhardt,Leonhardt,,1,,
Lewedag,Lewedag,,1,,
Lewilsmuller,Lewilsmuller,,1,,
Lieberum,Lieberum,,1,,
Liese,Liese,,1,,
Lindemann,Lindemann,,1,,
Lindenberg,Lindenberg,,1,,
Lindhorst,Lindhorst,,1,,
Lippings,Lippings,,1,,
Lochmueller,Lochmüller,,1,,
Lochner,Lochner,,1,,
Logemann,Logemann,,1,,
Loxen,Loxen,,1,,
Luebben,Lübben,,1,,
Luedecke,Lüdecke,,1,,
Luedecke,Lüdecke,,1,,
Luedemann,Lüdemann,,1,,
Lund,Lund,,1,,
Lussen,Lussen,,1,,
Lutmer,Lutmer,,1,,
Maeier,Mäier,,1,,
Maertin,Märtin,,1,,
Maeyer,Mäyer,,1,,
Maibaum,Maibaum,,1,,
Maier,Maier,,1,,
Maler,Maler,,1,,
Mannenalker,Mannenalker,,1,,
Mardorf,Mardorf,,1,,
Margenau,Margenau,,1,,
Martin,Martin,,1,,
Marting,Marting,,1,,
Matten,Matten,,1,,
Matthes,Matthes,,1,,
Matz,Matz,,1,,
Mauersberger,Mauersberger,,1,,
Maurer,Maurer,,1,,
Mayer,Mayer,,1,,
Mehrlein,Mehrlein,,1,,
Meier,Meier,,1,,
Meiersieck,Meiersieck,,1,,
Meissenbach,Meißenbach,,1,,
Meister,Meister,,1,,
Mende,Mende,,1,,
Mendel,Mendel,,1,,
Mennicke,Mennicke,,1,,
Merske,Merske,,1,,
Mesters,Mesters,,1,,
Metz,Metz,,1,,
Metzger,Metzger,,1,,
Metzler,Metzler,,1,,
Meusel,Meusel,,1,,
Meyer,Meyer,,1,,
Michel,Michel,,1,,
Mielert,Mielert,,1,,
Miesler,Miesler,,1,,
Miller,Miller,,1,,
Moelk,Mölk,,1,,
Moeller,Möller,,1,,
Moellering,Möllering,,1,,
Moenkemueller,Mönkemüller,,1,,
Moeser,Möser,,1,,
Morgenthaler,Morgenthaler,,1,,
Morlein,Morlein,,1,,
Moskopf,Moskopf,,1,,
Muegge,Mügge,,1,,
Mueller,Müller,,1,,
Mund,Mund,,1,,
Mussmann,Mußmann,,1,,
Mustermann,Mustermann,,1,,
Nabe,Nabe,,1,,
Nagel,Nagel,,1,,
Nanz,Nanz,,1,,
Neidringhaus,Neidringhaus,,1,,
Nelgner,Nelgner,,1,,
Nemnich,Nemnich,,1,,
Nethmann,Nethmann,,1,,
Neubert,Neubert,,1,,
Neun,Neun,,1,,
Neupert,Neupert,,1,,
Niebruegge,Niebrügge,,1,,
Niehaus,Niehaus,,1,,
Niemann,Niemann,,1,,
Niemeier,Niemeier,,1,,
Niermann,Niermann,,1,,
Nink,Nink,,1,,
Nitzschmann,Nitzschmann,,1,,
Noeller,Nöller,,1,,
Nolte,Nolte,,1,,
Nolte,Nolte,,1,,
Nolte,Nolte,,1,,
Norden,Norden,,1,,
Nuemann,Nümann,,1,,
Nuetzel,Nützel,,1,,
Oberdick,Oberdick,,1,,
Obermeier,Obermeier,,1,,
Ochs,Ochs,,1,,
Ochsmann,Ochsmann,,1,,
Odendahl,Odendahl,,1,,
Oehlmann,Öhlmann,,1,,
Oellermann,Öllermann,,1,,
Oelze,Ölze,,1,,
Oertel,Örtel,,1,,
Oerter,Örter,,1,,
Offenbeck,Offenbeck,,1,,
Offergeld,Offergeld,,1,,
Ohsieck,Ohsieck,,1,,
Olligs,Olligs,,1,,
Opel,Opel,,1,,
Ort,Ort,,1,,
Ortkoetter,Ortkötter,,1,,
Ortmeier,Ortmeier,,1,,
Ossel,Ossel,,1,,
Ostmann,Ostmann,,1,,
Otte,Otte,,1,,
Otto,Otto,,1,,
Paap,Paap,,1,,
Pathalter,Pathalter,,1,,
Paust,Paust,,1,,
Pechmann,Pechmann,,1,,
Peiper,Peiper,,1,,
Peter,Peter,,1,,
Peters,Peters,,1,,
Petersheim,Petersheim,,1,,
Petrus,Petrus,,1,,
Pfeifer,Pfeifer,,1,,
Pfeifer,Pfeifer,,1,,
Pfeiffer,Pfeiffer,,1,,
Pflegerenter,Pflegerenter,,1,,
Pilgrim,Pilgrim,,1,,
Plackemeier,Plackemeier,,1,,
Plaikemeier,Plaikemeier,,1,,
Pleichens,Pleichens,,1,,
Podeyn,Podeyn,,1,,
Poehner,Pöhner,,1,,
Pohl,Pohl,,1,,
Pohlmann,Pohlmann,,1,,
Portmann,Portmann,,1,,
Portsch,Portsch,,1,,
Posser,Posser,,1,,
Potzel,Potzel,,1,,
Prasse,"Prasse, Praße",,1,,
Probst,Probst,,1,,
Progl,Progl,,1,,
Pross,Proß,,1,,
Pulsl,Pulsl,,1,,
Purkamp,Purkamp,,1,,
Raab,Raab,,1,,
Rabenstein,Rabenstein,,1,,
Raike,Raike,,1,,
Rauchfuss,Rauchfuß,,1,,
Rausser,Rausser,,1,,
Rech,Rech,,1,,
Reckmeier,Reckmeier,,1,,
Redderhold,Redderhold,,1,,
Refenberg,Refenberg,,1,,
Reimer,Reimer,,1,,
Reinboth,Reinboth,,1,,
Reineking,Reineking,,1,,
Reinhard,Reinhard,,1,,
Reinhardt,Reinhardt,,1,,
Reinheimer,Reinheimer,,1,,
Reissen,Reißen,,1,,
Reissner,Reissner,Reißner,2,,
Reitz,Reitz,,1,,
Reiz,Reiz,,1,,
Reller,Reller,,1,,
Remmert,Remmert,,1,,
Renningke,Renningke,,1,,
Resche,Resche,,1,,
Reupke,Reupke,,1,,
Reuter,Reuter,,1,,
Richmann,Richmann,,1,,
Richter,Richter,,1,,
Rickelein,Rickelein,,1,,
Ricken,Ricken,,1,,
Riechler,Riechler,,1,,
Riechmann,Riechmann,,1,,
Ried,Ried,,1,,
Riefenberg,Riefenberg,,1,,
Ries,Ries,,1,,
Riethmueller,Riethmüller,,1,,
Riewe,Riewe,,1,,
Ring,Ring,,1,,
Roeder,Röder,,1,,
Roehring,Röhring,,1,,
Roennecke,Rönnecke,,1,,
Roesler,Rösler,,1,,
Roettger,Röttger,,1,,
Rohlfing,Rohlfing,,1,,
Rohme,Rohme,,1,,
Rohne,Rohne,,1,,
Rolle,Rolle,,1,,
Rose,Rose,,1,,
Rosenkoetter,Rosenkötter,,1,,
Rothemeier,Rothemeier,,1,,
Rothgang,Rothgang,,1,,
Rottmann,Rottmann,,1,,
Rox,Rox,,1,,
Rudelt,Rudelt,,1,,
Rudlott,Rudlott,,1,,
Rudolff,Rudolff,,1,,
Rump,Rump,,1,,
Rumpel,Rumpel,,1,,
Runge,Runge,,1,,
Rupp,Rupp,,1,,
Ruppel,Ruppel,,1,,
Sachleben,Sachleben,,1,,
Sachlebend,Sachlebend,,1,,
Sachtleben,Sachtleben,,1,,
Sahrmann,Sahrmann,,1,,
Sandfuss,Sandfuß,,1,,
Sauer,Sauer,,1,,
Schaefer,Schäfer,,1,,
Schaefering,Schäfering,,1,,
Schaeferling,Schäferling,,1,,
Schaeffer,Schäffer,,1,,
Schaeperkoetter,Schäperkötter,,1,,
Schaller,Schaller,,1,,
Schambach,Schambach,,1,,
Schanlin,Schanlin,,1,,
Schaubert,Schaubert,,1,,
Schaupert,Schaupert,,1,,
Scheel,Scheel,,1,,
Scheer,Scheer,,1,,
Scheffer,Scheffer,,1,,
Scheffler,Scheffler,,1,,
Scherer,Scherer,,1,,
Scherz,Scherz,,1,,
Schewe,Schewe,,1,,
Schildmeier,Schildmeier,,1,,
Schilling,Schilling,,1,,
Schillinger,Schillinger,,1,,
Schindler,Schindler,,1,,
Schipp,Schipp,,1,,
Schirmer,Schirmer,,1,,
Schlaft,Schlaft,,1,,
Schlef,Schlef,,1,,
Schloemann,Schlömann,,1,,
Schlueter,Schlüter,,1,,
Schlueter,Schlüter,,1,,
Schmeck,Schmeck,,1,,
Schmid,Schmid,,1,,
Schmidt,Schmidt,,1,,
Schmit,Schmit,,1,,
Schmitt,Schmitt,,1,,
Schmitz,Schmitz,,1,,
Schneck,Schneck,,1,,
Schnedler,Schnedler,,1,,
Schneider,Schneider,,1,,
Schnele,Schnele,,1,,
Schnell,Schnell,,1,,
Schneller,Schneller,,1,,
Schnur,Schnur,,1,,
Schoenbek,Schönbek,,1,,
Schoening,Schöning,,1,,
Scholer,Scholer,,1,,
Schorege,Schorege,,1,,
Schoregge,Schoregge,,1,,
Schott,Schott,,1,,
Schrader,Schrader,,1,,
Schrak,Schrak,,1,,
Schramm,Schramm,,1,,
Schrepel,Schrepel,,1,,
Schriefer,Schriefer,,1,,
Schroeder,Schröder,,1,,
Schuchmann,Schuchmann,,1,,
Schuetz,Schütz,,1,,
Schuhmacher,Schuhmacher,,1,,
Schuldes,Schuldes,,1,,
Schulte,Schulte,,1,,
Schulz,Schulz,,1,,
Schulze,Schulze,,1,,
Schumacher,Schumacher,,1,,
Schunk,Schunk,,1,,
Schunmeier,Schunmeier,,1,,
Schurider,Schurider,,1,,
Schuster,Schuster,,1,,
Schwab,Schwab,,1,,
Schwarz,Schwarz,,1,,
Schwarzmueller,Schwarzmüller,,1,Taken from Wikipedia.org,Link
Schweer,Schweer,,1,,
Schweizer,Schweizer,,1,,
Schwen,Schwen,,1,,
Seele,Seele,,1,,
Sehme,Sehme,,1,,
Seiss,Seiß,,1,,
Semel,Semel,,1,,
Sennewald,Sennewald,,1,,
Sennewals,Sennewals,,1,,
Sepmeier,Sepmeier,,1,,
Serner,Serner,,1,,
Sewring,Sewring,,1,,
Sibbelmeier,Sibbelmeier,,1,,
Sidekim,Sidekim,,1,,
Siebert,Siebert,,1,,
Siedendoph,Siedendoph,,1,,
Sieglitz,Sieglitz,,1,,
Siekmann,Siekmann,,1,,
Sieprasse,Sieprasse,,1,,
Sieving,Sieving,,1,,
Siewing,Siewing,,1,,
Sing,Sing,,1,,
Soecker,Söcker,,1,,
Soelter,Sölter,,1,,
Sokker,Sokker,,1,,
Sommer,Sommer,,1,,
Sommerich,Sommerich,,1,,
Sondermeier,Sondermeier,,1,,
Spahrbier,Spahrbier,,1,,
Speck,Speck,,1,,
Spengter,Spengter,,1,,
Speringmeier,Speringmeier,,1,,
Springmeier,Springmeier,,1,,
Staat,Staat,,1,,
Stahl,Stahl,,1,,
Stahlmann,Stahlmann,,1,,
Staiger,Staiger,,1,,
Stamer,Stamer,,1,,
Stegemann,Stegemann,,1,,
Stein,Stein,,1,,
Steinkamp,Steinkamp,,1,,
Steinmann,Steinmann,,1,,
Steinmeier,Steinmeier,,1,,
Steinmetz,Steinmetz,,1,,
Steitz,Steitz,,1,,
Stell,Stell,,1,,
Stemler,Stemler,,1,,
Stemmler,Stemmler,,1,,
Stemper,Stemper,,1,,
Stephen,Stephen,,1,,
Steppelwerth,Steppelwerth,,1,,
Sterthmann,Sterthmann,,1,,
Steupe,Steupe,,1,,
Sticke,Sticke,,1,,
Stiegemeier,Stiegemeier,,1,,
Stille,Stille,,1,,
Stockhov,Stockhov,,1,,
Stoener,Stöner,,1,,
Stoker,Stoker,,1,,
Stoll,Stoll,,1,,
Stork,Stork,,1,,
Storll,Storll,,1,,
Strahlmann,Strahlmann,,1,,
Stratmann,Stratmann,,1,,
Streutker,Streutker,,1,,
Stricker,Stricker,,1,,
Strining,Strining,,1,,
Strotholder,Strotholder,,1,,
Struening,Strüning,,1,,
Struthmann,Struthmann,,1,,
Sudbring,Sudbring,,1,,
Sudmeier,Sudmeier,,1,,
Suedmeier,Südmeier,,1,,
Sulzer,Sulzer,,1,,
Sundermeier,Sundermeier,,1,,
Taffe,Taffe,,1,,
Tegtmeyer,Tegtmeyer,,1,,
Tenz,Tenz,,1,,
Terbrueggen,Terbrüggen,,1,,
Theis,Theis,,1,,
Theobald,Theobald,,1,,
Thesing,Thesing,,1,,
Thilenius,Thilenius,,1,,
Thomas,Thomas,,1,,
Tiegel,Tiegel,,1,,
Tiemeier,Tiemeier,,1,,
Tiesing,Tiesing,,1,,
Timmermann,Timmermann,,1,,
Timpke,Timpke,,1,,
Tinke,Tinke,,1,,
Tinnappel,Tinnappel,,1,,
Todt,Todt,,1,,
Toht,Toht,,1,,
Tolle,Tolle,,1,,
Trampe,Trampe,,1,,
Trogmund,Trogmund,,1,,
Troste,Troste,,1,,
Tubesing,Tubesing,,1,,
Tuemmler,Tümmler,,1,,
Ude,Ude,,1,,
Uhlich,Uhlich,,1,,
Uhlig,Uhlig,,1,,
Ullrich,Ullrich,,1,,
Ulrich,Ulrich,,1,,
Umbach,Umbach,,1,,
Unfried,Unfried,,1,,
Uthaff,Uthaff,,1,,
Uthoff,Uthoff,,1,,
Vallowe,Vallowe,,1,,
van Buren,van Buren,,1,,
Vanburen,Vanburen,,1,,
Vaupel,Vaupel,,1,,
Venn,Venn,,1,,
Verl,Verl,,1,,
Voegedings,Vögeding,,1,,
Voerster,Vörster,,1,,
Vogel,Vogel,,1,,
Vogt,Vogt,,1,,
Voigt,Voigt,,1,,
Von Bruck,Von Bruck,,1,,
Von der Hake,Von der Hake,,1,,
Vonbehem,Vonbehem,,1,,
Vonbehren,Vonbehren,,1,,
Vonbesten,Vonbesten,,1,,
Vonbiehren,Vonbiehren,,1,,
Vonbruck,Vonbruck,,1,,
Vonderhake,Vonderhake,,1,,
Vonkugelberg,Vonkugelberg,,1,,
Vonseibert,Vonseibert,,1,,
Vordick,Vordick,,1,,
Vortmann,Vortmann,,1,,
Voss,Voß,,1,,
Wagenfeld,Wagenfeld,,1,,
Wagentreiber,Wagentreiber,,1,,
Wagner,Wagner,,1,,
Waldke,Waldke,,1,,
Walf,Walf,,1,,
Walkenhorst,Walkenhorst,,1,,
Walkewitz,Walkewitz,,1,,
Walters,Walters,,1,,
Wanneboldt,Wanneboldt,,1,,
Warnken,Warnken,,1,,
Wassmann,Waßmann,,1,,
Waussgell,Waußgell,,1,Taken from FamilySearch.org,Link
Weber,Weber,,1,,
Wecker,Wecker,,1,,
Wege,Wege,,1,,
Wegemann,Wegemann,,1,,
Wegenmann,Wegenmann,,1,,
Wegle,Wegle,,1,,
Wehmueller,Wehmüller,,1,,
Wehrmann,Wehrmann,,1,,
Weichel,Weichel,,1,,
Weihermueller,Weihermüller,,1,,
Weise,Weise,,1,,
Weissmueller,Weißmüller,,1,,
Weitkamp,Weitkamp,,1,,
Wellmann,Wellmann,,1,,
Welpmann,Welpmann,,1,,
Wemhoehner,Wemhöhner,,1,,
Wemhoener,Wemhöner,,1,,
Wenckel,Wenckel,,1,,
Wenkel,Wenkel,,1,,
Wenz,Wenz,,1,,
Wernemann,Wernemann,,1,,
Wernet,Wernet,,1,,
Werries,Werries,,1,,
Werry,Werry,,1,,
Westenberg,Westenberg,,1,,
Westerberg,Westerberg,,1,,
Westerfeld,Westerfeld,,1,,
Westermann,Westermann,,1,,
Westing,Westing,,1,,
Wibracht,Wibracht,,1,,
Wiebracht,Wiebracht,,1,,
Wiebrock,Wiebrock,,1,,
Wiebusch,Wiebusch,,1,,
Wienker,Wienker,,1,,
Wiese,Wiese,,1,,
Wiesler,Wiesler,,1,,
Wildeisen,Wildeisen,,1,,
Wilhelm,Wilhelm,,1,,
Wilkening,Wilkening,,1,,
Wilkrening,Wilkrening,,1,,
Wille,Wille,,1,,
Willhart,Willhart,,1,,
Willmann,Willmann,,1,,
Wilms,Wilms,,1,,
Wilsenack,Wilsenack,,1,,
Windecker,Windecker,,1,,
Winefeld,Winefeld,,1,,
Winkler,Winkler,,1,,
Winner,Winner,,1,,
Wintermann,Wintermann,,1,,
Wishmann,Wishmann,,1,,
Wisker,Wisker,,1,,
Wissig,Wissig,,1,,
Wissmann,Wissmann,Wißmann,2,,
Witthas,Witthas,,1,,
Witthus,Witthus,,1,,
Wohlemmeier,Wohlemmeier,,1,,
Wohlmacher,Wohlmacher,,1,,
Wolfram,Wolfram,,1,,
Wolkewitz,Wolkewitz,,1,,
Wulfmeier,Wulfmeier,,1,,
Wulze,Wulze,,1,,
Wunderlich,Wunderlich,,1,,
Zapf,Zapf,,1,,
Zelsmann,Zelsmann,,1,,
Zesch,Zesch,,1,,
Zibell,Zibell,,1,,
Zickler,Zickler,,1,,
Ziegengeist,Ziegengeist,,1,,
Ziegler,Ziegler,,1,,
Zimmermann,Zimmermann,,1,,
Zitz,Zitz,,1,,
Zweigart,Zweigart,,1,,